,Delivery_Time,prepared_time,preparing_eta,delivery_eta,order_status
0,2025-06-16 09:11:00+00:00,2025-06-16 08:51:30+00:00,19.5,24.5,Cancelled
1,2025-06-09 18:15:00+00:00,2025-06-09 17:54:30+00:00,20.5,25.5,Delayed
2,2025-06-15 01:32:00+00:00,2025-06-15 01:23:00+00:00,9.0,14.0,Delayed
3,2025-06-13 05:08:00+00:00,2025-06-13 04:50:00+00:00,18.0,23.0,Delayed
4,2025-06-12 21:41:00+00:00,2025-06-12 21:15:00+00:00,26.0,31.0,Delayed
5,2025-06-07 08:04:00+00:00,2025-06-07 07:46:30+00:00,17.5,22.5,Cancelled
6,2025-06-15 13:03:00+00:00,2025-06-15 12:38:00+00:00,25.0,30.0,Delivered
7,2025-06-08 06:15:00+00:00,2025-06-08 05:52:00+00:00,23.0,28.0,Delayed
8,2025-06-05 09:21:00+00:00,2025-06-05 08:57:30+00:00,23.5,28.5,Cancelled
9,2025-06-04 10:38:00+00:00,2025-06-04 10:13:30+00:00,24.5,29.5,Delivered
10,2025-06-13 22:59:00+00:00,2025-06-13 22:41:30+00:00,17.5,22.5,Delivered
11,2025-06-12 03:37:00+00:00,2025-06-12 03:13:00+00:00,24.0,29.0,Delivered
12,2025-06-06 16:47:00+00:00,2025-06-06 16:31:00+00:00,16.0,21.0,Delayed
13,2025-06-09 09:45:00+00:00,2025-06-09 09:26:30+00:00,18.5,23.5,Cancelled
14,2025-06-06 05:04:00+00:00,2025-06-06 04:45:30+00:00,18.5,23.5,Delayed
15,2025-06-06 08:12:00+00:00,2025-06-06 07:57:30+00:00,14.5,19.5,Cancelled
16,2025-06-15 06:27:00+00:00,2025-06-15 06:12:30+00:00,14.5,19.5,Cancelled
17,2025-06-06 04:15:00+00:00,2025-06-06 03:57:00+00:00,18.0,23.0,Cancelled
18,2025-06-02 11:38:00+00:00,2025-06-02 11:19:30+00:00,18.5,23.5,Cancelled
19,2025-06-12 16:25:00+00:00,2025-06-12 16:11:00+00:00,14.0,19.0,Delivered
20,2025-06-03 18:08:00+00:00,2025-06-03 17:48:00+00:00,20.0,25.0,Delivered
21,2025-06-09 23:00:00+00:00,2025-06-09 22:37:00+00:00,23.0,28.0,Delayed
22,2025-06-07 16:19:00+00:00,2025-06-07 16:07:00+00:00,12.0,17.0,Delayed
23,2025-06-09 14:39:00+00:00,2025-06-09 14:20:30+00:00,18.5,23.5,Delayed
24,2025-06-10 05:26:00+00:00,2025-06-10 05:01:30+00:00,24.5,29.5,Delayed
25,2025-06-08 00:38:00+00:00,2025-06-08 00:13:00+00:00,25.0,30.0,Cancelled
26,2025-06-07 08:05:00+00:00,2025-06-07 07:39:30+00:00,25.5,30.5,Delivered
27,2025-06-13 18:01:00+00:00,2025-06-13 17:41:00+00:00,20.0,25.0,Delayed
28,2025-06-04 08:23:00+00:00,2025-06-04 07:59:00+00:00,24.0,29.0,Cancelled
29,2025-06-13 05:42:00+00:00,2025-06-13 05:22:30+00:00,19.5,24.5,Delayed
30,2025-06-06 07:49:00+00:00,2025-06-06 07:27:00+00:00,22.0,27.0,Cancelled
31,2025-06-03 23:58:00+00:00,2025-06-03 23:41:30+00:00,16.5,21.5,Delivered
32,2025-06-04 08:44:00+00:00,2025-06-04 08:22:30+00:00,21.5,26.5,Cancelled
33,2025-06-12 01:29:00+00:00,2025-06-12 01:06:30+00:00,22.5,27.5,Cancelled
34,2025-06-12 08:44:00+00:00,2025-06-12 08:24:30+00:00,19.5,24.5,Delivered
35,2025-06-05 19:04:00+00:00,2025-06-05 18:53:00+00:00,11.0,16.0,Delivered
36,2025-06-15 13:20:00+00:00,2025-06-15 13:01:30+00:00,18.5,23.5,Delayed
37,2025-06-10 21:22:00+00:00,2025-06-10 21:00:00+00:00,22.0,27.0,Cancelled
38,2025-06-02 05:46:00+00:00,2025-06-02 05:26:30+00:00,19.5,24.5,Delayed
39,2025-06-16 02:42:00+00:00,2025-06-16 02:14:30+00:00,27.5,32.5,Cancelled
40,2025-06-11 05:04:00+00:00,2025-06-11 04:42:00+00:00,22.0,27.0,Delayed
41,2025-06-16 03:11:00+00:00,2025-06-16 02:53:00+00:00,18.0,23.0,Cancelled
42,2025-06-15 01:13:00+00:00,2025-06-15 00:52:30+00:00,20.5,25.5,Cancelled
43,2025-06-10 17:12:00+00:00,2025-06-10 16:48:00+00:00,24.0,29.0,Delivered
44,2025-06-14 07:58:00+00:00,2025-06-14 07:34:30+00:00,23.5,28.5,Cancelled
45,2025-06-07 18:04:00+00:00,2025-06-07 17:44:30+00:00,19.5,24.5,Cancelled
46,2025-06-05 21:14:00+00:00,2025-06-05 21:05:30+00:00,8.5,13.5,Delayed
47,2025-06-07 02:52:00+00:00,2025-06-07 02:27:00+00:00,25.0,30.0,Delivered
48,2025-06-09 09:19:00+00:00,2025-06-09 09:02:30+00:00,16.5,21.5,Delivered
49,2025-06-10 17:35:00+00:00,2025-06-10 17:20:30+00:00,14.5,19.5,Cancelled
50,2025-06-07 16:33:00+00:00,2025-06-07 16:15:00+00:00,18.0,23.0,Delayed
51,2025-06-06 16:19:00+00:00,2025-06-06 16:07:00+00:00,12.0,17.0,Delivered
52,2025-06-02 15:32:00+00:00,2025-06-02 15:10:00+00:00,22.0,27.0,Delayed
53,2025-06-10 03:16:00+00:00,2025-06-10 02:58:00+00:00,18.0,23.0,Cancelled
54,2025-06-09 07:25:00+00:00,2025-06-09 07:02:00+00:00,23.0,28.0,Delayed
55,2025-06-12 16:34:00+00:00,2025-06-12 16:22:30+00:00,11.5,16.5,Cancelled
56,2025-06-15 14:59:00+00:00,2025-06-15 14:35:30+00:00,23.5,28.5,Delivered
57,2025-06-03 06:01:00+00:00,2025-06-03 05:44:30+00:00,16.5,21.5,Delayed
58,2025-06-12 09:21:00+00:00,2025-06-12 09:00:00+00:00,21.0,26.0,Delivered
59,2025-06-14 07:04:00+00:00,2025-06-14 06:39:30+00:00,24.5,29.5,Delivered
60,2025-06-05 12:10:00+00:00,2025-06-05 11:51:00+00:00,19.0,24.0,Delayed
61,2025-06-15 03:13:00+00:00,2025-06-15 02:47:30+00:00,25.5,30.5,Cancelled
62,2025-06-06 13:17:00+00:00,2025-06-06 12:54:30+00:00,22.5,27.5,Delivered
63,2025-06-13 11:16:00+00:00,2025-06-13 10:53:00+00:00,23.0,28.0,Delivered
64,2025-06-14 04:08:00+00:00,2025-06-14 03:54:30+00:00,13.5,18.5,Delivered
65,2025-06-09 17:36:00+00:00,2025-06-09 17:22:00+00:00,14.0,19.0,Delivered
66,2025-06-07 00:47:00+00:00,2025-06-07 00:39:30+00:00,7.5,12.5,Cancelled
67,2025-06-12 05:59:00+00:00,2025-06-12 05:35:30+00:00,23.5,28.5,Cancelled
68,2025-06-04 18:22:00+00:00,2025-06-04 18:01:00+00:00,21.0,26.0,Cancelled
69,2025-06-07 06:50:00+00:00,2025-06-07 06:36:00+00:00,14.0,19.0,Cancelled
70,2025-06-09 11:27:00+00:00,2025-06-09 11:12:00+00:00,15.0,20.0,Delivered
71,2025-06-07 05:23:00+00:00,2025-06-07 05:01:30+00:00,21.5,26.5,Cancelled
72,2025-06-08 10:46:00+00:00,2025-06-08 10:19:00+00:00,27.0,32.0,Delayed
73,2025-06-12 05:48:00+00:00,2025-06-12 05:25:30+00:00,22.5,27.5,Delayed
74,2025-06-10 22:07:00+00:00,2025-06-10 21:41:00+00:00,26.0,31.0,Delayed
75,2025-06-03 05:25:00+00:00,2025-06-03 05:09:30+00:00,15.5,20.5,Cancelled
76,2025-06-06 21:53:00+00:00,2025-06-06 21:37:30+00:00,15.5,20.5,Cancelled
77,2025-06-11 07:52:00+00:00,2025-06-11 07:24:30+00:00,27.5,32.5,Delivered
78,2025-06-04 00:06:00+00:00,2025-06-03 23:48:00+00:00,18.0,23.0,Cancelled
79,2025-06-09 07:28:00+00:00,2025-06-09 07:04:00+00:00,24.0,29.0,Cancelled
80,2025-06-08 03:23:00+00:00,2025-06-08 03:03:00+00:00,20.0,25.0,Cancelled
81,2025-06-04 16:20:00+00:00,2025-06-04 15:58:00+00:00,22.0,27.0,Delivered
82,2025-06-08 16:25:00+00:00,2025-06-08 16:12:30+00:00,12.5,17.5,Cancelled
83,2025-06-03 04:42:00+00:00,2025-06-03 04:23:30+00:00,18.5,23.5,Cancelled
84,2025-06-04 04:52:00+00:00,2025-06-04 04:32:00+00:00,20.0,25.0,Cancelled
85,2025-06-01 11:50:00+00:00,2025-06-01 11:39:00+00:00,11.0,16.0,Delivered
86,2025-06-10 20:01:00+00:00,2025-06-10 19:43:00+00:00,18.0,23.0,Delivered
87,2025-06-15 22:27:00+00:00,2025-06-15 21:59:30+00:00,27.5,32.5,Delivered
88,2025-06-05 11:15:00+00:00,2025-06-05 10:55:00+00:00,20.0,25.0,Delivered
89,2025-06-06 07:41:00+00:00,2025-06-06 07:16:00+00:00,25.0,30.0,Delivered
90,2025-06-03 20:05:00+00:00,2025-06-03 19:44:30+00:00,20.5,25.5,Delayed
91,2025-06-04 18:43:00+00:00,2025-06-04 18:25:30+00:00,17.5,22.5,Delayed
92,2025-06-09 20:29:00+00:00,2025-06-09 20:11:00+00:00,18.0,23.0,Delivered
93,2025-06-10 22:34:00+00:00,2025-06-10 22:18:30+00:00,15.5,20.5,Cancelled
94,2025-06-11 11:17:00+00:00,2025-06-11 10:58:00+00:00,19.0,24.0,Delayed
95,2025-06-03 10:46:00+00:00,2025-06-03 10:27:30+00:00,18.5,23.5,Delivered
96,2025-06-09 05:09:00+00:00,2025-06-09 04:58:00+00:00,11.0,16.0,Delayed
97,2025-06-02 06:05:00+00:00,2025-06-02 05:52:00+00:00,13.0,18.0,Cancelled
98,2025-06-11 20:48:00+00:00,2025-06-11 20:29:00+00:00,19.0,24.0,Delayed
99,2025-06-03 04:23:00+00:00,2025-06-03 04:07:30+00:00,15.5,20.5,Cancelled
100,2025-06-09 01:20:00+00:00,2025-06-09 00:55:00+00:00,25.0,30.0,Delivered
101,2025-06-06 06:53:00+00:00,2025-06-06 06:32:00+00:00,21.0,26.0,Cancelled
102,2025-06-10 17:41:00+00:00,2025-06-10 17:18:00+00:00,23.0,28.0,Delayed
103,2025-06-09 05:21:00+00:00,2025-06-09 04:57:30+00:00,23.5,28.5,Delayed
104,2025-06-07 22:22:00+00:00,2025-06-07 21:56:00+00:00,26.0,31.0,Delivered
105,2025-06-12 13:03:00+00:00,2025-06-12 12:52:00+00:00,11.0,16.0,Cancelled
106,2025-06-08 10:16:00+00:00,2025-06-08 09:52:00+00:00,24.0,29.0,Delivered
107,2025-06-15 09:10:00+00:00,2025-06-15 08:45:30+00:00,24.5,29.5,Delivered
108,2025-06-12 11:13:00+00:00,2025-06-12 10:49:30+00:00,23.5,28.5,Delayed
109,2025-06-03 23:20:00+00:00,2025-06-03 22:58:30+00:00,21.5,26.5,Delayed
110,2025-06-07 15:06:00+00:00,2025-06-07 14:51:00+00:00,15.0,20.0,Delivered
111,2025-06-05 20:04:00+00:00,2025-06-05 19:51:30+00:00,12.5,17.5,Cancelled
112,2025-06-09 02:15:00+00:00,2025-06-09 01:59:00+00:00,16.0,21.0,Delayed
113,2025-06-04 19:30:00+00:00,2025-06-04 19:15:00+00:00,15.0,20.0,Cancelled
114,2025-06-06 05:14:00+00:00,2025-06-06 04:51:00+00:00,23.0,28.0,Delivered
115,2025-06-10 13:28:00+00:00,2025-06-10 13:11:00+00:00,17.0,22.0,Delivered
116,2025-06-14 12:42:00+00:00,2025-06-14 12:24:30+00:00,17.5,22.5,Cancelled
117,2025-06-15 10:54:00+00:00,2025-06-15 10:27:30+00:00,26.5,31.5,Delivered
118,2025-06-12 22:26:00+00:00,2025-06-12 22:07:30+00:00,18.5,23.5,Cancelled
119,2025-06-09 20:41:00+00:00,2025-06-09 20:18:30+00:00,22.5,27.5,Delayed
120,2025-06-08 18:01:00+00:00,2025-06-08 17:47:00+00:00,14.0,19.0,Delayed
121,2025-06-08 21:15:00+00:00,2025-06-08 20:52:30+00:00,22.5,27.5,Cancelled
122,2025-06-11 11:03:00+00:00,2025-06-11 10:44:30+00:00,18.5,23.5,Cancelled
123,2025-06-13 17:12:00+00:00,2025-06-13 16:56:00+00:00,16.0,21.0,Delivered
124,2025-06-03 06:23:00+00:00,2025-06-03 05:58:30+00:00,24.5,29.5,Delivered
125,2025-06-04 12:19:00+00:00,2025-06-04 12:01:30+00:00,17.5,22.5,Delivered
126,2025-06-07 14:16:00+00:00,2025-06-07 14:02:00+00:00,14.0,19.0,Delivered
127,2025-06-16 08:34:00+00:00,2025-06-16 08:05:30+00:00,28.5,33.5,Cancelled
128,2025-06-14 21:12:00+00:00,2025-06-14 20:55:30+00:00,16.5,21.5,Cancelled
129,2025-06-11 19:01:00+00:00,2025-06-11 18:38:30+00:00,22.5,27.5,Delayed
130,2025-06-09 10:14:00+00:00,2025-06-09 10:01:30+00:00,12.5,17.5,Delayed
131,2025-06-04 20:25:00+00:00,2025-06-04 20:09:30+00:00,15.5,20.5,Delayed
132,2025-06-10 16:46:00+00:00,2025-06-10 16:27:30+00:00,18.5,23.5,Delayed
133,2025-06-11 15:46:00+00:00,2025-06-11 15:19:30+00:00,26.5,31.5,Delayed
134,2025-06-03 05:55:00+00:00,2025-06-03 05:39:00+00:00,16.0,21.0,Delayed
135,2025-06-09 09:01:00+00:00,2025-06-09 08:49:30+00:00,11.5,16.5,Delayed
136,2025-06-11 22:31:00+00:00,2025-06-11 22:15:00+00:00,16.0,21.0,Delivered
137,2025-06-03 12:26:00+00:00,2025-06-03 12:04:00+00:00,22.0,27.0,Delivered
138,2025-06-15 02:25:00+00:00,2025-06-15 02:06:00+00:00,19.0,24.0,Cancelled
139,2025-06-07 12:37:00+00:00,2025-06-07 12:19:00+00:00,18.0,23.0,Delivered
140,2025-06-12 00:18:00+00:00,2025-06-11 23:56:30+00:00,21.5,26.5,Delivered
141,2025-06-03 10:46:00+00:00,2025-06-03 10:28:00+00:00,18.0,23.0,Cancelled
142,2025-06-14 13:22:00+00:00,2025-06-14 13:00:30+00:00,21.5,26.5,Cancelled
143,2025-06-14 04:07:00+00:00,2025-06-14 03:46:00+00:00,21.0,26.0,Delayed
144,2025-06-02 04:07:00+00:00,2025-06-02 03:48:30+00:00,18.5,23.5,Delivered
145,2025-06-06 22:50:00+00:00,2025-06-06 22:32:00+00:00,18.0,23.0,Cancelled
146,2025-06-08 06:25:00+00:00,2025-06-08 06:05:00+00:00,20.0,25.0,Delayed
147,2025-06-09 17:03:00+00:00,2025-06-09 16:48:00+00:00,15.0,20.0,Delivered
148,2025-06-06 17:16:00+00:00,2025-06-06 17:00:30+00:00,15.5,20.5,Delayed
149,2025-06-13 17:43:00+00:00,2025-06-13 17:21:00+00:00,22.0,27.0,Cancelled
150,2025-06-07 08:03:00+00:00,2025-06-07 07:43:00+00:00,20.0,25.0,Delayed
151,2025-06-03 15:39:00+00:00,2025-06-03 15:19:00+00:00,20.0,25.0,Cancelled
152,2025-06-12 13:00:00+00:00,2025-06-12 12:39:30+00:00,20.5,25.5,Delayed
153,2025-06-03 18:53:00+00:00,2025-06-03 18:42:00+00:00,11.0,16.0,Cancelled
154,2025-06-04 16:18:00+00:00,2025-06-04 15:59:00+00:00,19.0,24.0,Delayed
155,2025-06-13 03:37:00+00:00,2025-06-13 03:09:00+00:00,28.0,33.0,Delayed
156,2025-06-01 20:20:00+00:00,2025-06-01 19:59:30+00:00,20.5,25.5,Delayed
157,2025-06-14 02:03:00+00:00,2025-06-14 01:46:00+00:00,17.0,22.0,Delivered
158,2025-06-01 15:41:00+00:00,2025-06-01 15:22:30+00:00,18.5,23.5,Delivered
159,2025-06-04 23:01:00+00:00,2025-06-04 22:38:30+00:00,22.5,27.5,Delayed
160,2025-06-06 10:03:00+00:00,2025-06-06 09:40:00+00:00,23.0,28.0,Delivered
161,2025-06-05 01:19:00+00:00,2025-06-05 01:02:00+00:00,17.0,22.0,Cancelled
162,2025-06-15 20:06:00+00:00,2025-06-15 19:47:00+00:00,19.0,24.0,Cancelled
163,2025-06-13 07:39:00+00:00,2025-06-13 07:23:00+00:00,16.0,21.0,Cancelled
164,2025-06-10 17:16:00+00:00,2025-06-10 17:00:30+00:00,15.5,20.5,Cancelled
165,2025-06-05 14:58:00+00:00,2025-06-05 14:34:00+00:00,24.0,29.0,Delayed
166,2025-06-08 05:18:00+00:00,2025-06-08 04:57:00+00:00,21.0,26.0,Delivered
167,2025-06-03 12:38:00+00:00,2025-06-03 12:17:30+00:00,20.5,25.5,Delivered
168,2025-06-09 02:55:00+00:00,2025-06-09 02:30:00+00:00,25.0,30.0,Delayed
169,2025-06-02 22:54:00+00:00,2025-06-02 22:39:30+00:00,14.5,19.5,Cancelled
170,2025-06-03 16:22:00+00:00,2025-06-03 16:07:00+00:00,15.0,20.0,Cancelled
171,2025-06-02 21:32:00+00:00,2025-06-02 21:08:00+00:00,24.0,29.0,Delayed
172,2025-06-03 00:33:00+00:00,2025-06-03 00:13:00+00:00,20.0,25.0,Delivered
173,2025-06-05 00:07:00+00:00,2025-06-04 23:52:00+00:00,15.0,20.0,Cancelled
174,2025-06-11 05:00:00+00:00,2025-06-11 04:37:00+00:00,23.0,28.0,Cancelled
175,2025-06-01 13:34:00+00:00,2025-06-01 13:13:30+00:00,20.5,25.5,Delayed
176,2025-06-08 06:34:00+00:00,2025-06-08 06:11:00+00:00,23.0,28.0,Delayed
177,2025-06-14 19:38:00+00:00,2025-06-14 19:28:00+00:00,10.0,15.0,Cancelled
178,2025-06-08 09:08:00+00:00,2025-06-08 08:52:00+00:00,16.0,21.0,Delayed
179,2025-06-04 01:50:00+00:00,2025-06-04 01:28:30+00:00,21.5,26.5,Delivered
180,2025-06-14 20:06:00+00:00,2025-06-14 19:42:30+00:00,23.5,28.5,Cancelled
181,2025-06-10 10:17:00+00:00,2025-06-10 09:56:30+00:00,20.5,25.5,Delivered
182,2025-06-14 03:26:00+00:00,2025-06-14 03:10:30+00:00,15.5,20.5,Delivered
183,2025-06-10 09:57:00+00:00,2025-06-10 09:34:30+00:00,22.5,27.5,Cancelled
184,2025-06-09 19:40:00+00:00,2025-06-09 19:24:30+00:00,15.5,20.5,Cancelled
185,2025-06-09 18:02:00+00:00,2025-06-09 17:44:00+00:00,18.0,23.0,Delivered
186,2025-06-08 22:12:00+00:00,2025-06-08 21:47:00+00:00,25.0,30.0,Delayed
187,2025-06-11 08:31:00+00:00,2025-06-11 08:09:30+00:00,21.5,26.5,Delayed
188,2025-06-07 23:37:00+00:00,2025-06-07 23:14:30+00:00,22.5,27.5,Delayed
189,2025-06-10 10:11:00+00:00,2025-06-10 09:53:00+00:00,18.0,23.0,Delivered
190,2025-06-15 05:35:00+00:00,2025-06-15 05:19:00+00:00,16.0,21.0,Delivered
191,2025-06-06 03:02:00+00:00,2025-06-06 02:40:30+00:00,21.5,26.5,Delayed
192,2025-06-12 12:27:00+00:00,2025-06-12 12:05:30+00:00,21.5,26.5,Delivered
193,2025-06-03 17:36:00+00:00,2025-06-03 17:13:30+00:00,22.5,27.5,Delivered
194,2025-06-08 22:30:00+00:00,2025-06-08 22:06:30+00:00,23.5,28.5,Cancelled
195,2025-06-03 08:30:00+00:00,2025-06-03 08:00:30+00:00,29.5,34.5,Delayed
196,2025-06-09 08:06:00+00:00,2025-06-09 07:41:30+00:00,24.5,29.5,Cancelled
197,2025-06-06 15:26:00+00:00,2025-06-06 15:12:30+00:00,13.5,18.5,Delivered
198,2025-06-09 03:47:00+00:00,2025-06-09 03:26:30+00:00,20.5,25.5,Delivered
199,2025-06-11 00:36:00+00:00,2025-06-11 00:14:30+00:00,21.5,26.5,Cancelled
200,2025-06-12 03:27:00+00:00,2025-06-12 03:17:00+00:00,10.0,15.0,Delivered
201,2025-06-10 04:19:00+00:00,2025-06-10 04:06:00+00:00,13.0,18.0,Delivered
202,2025-06-07 18:56:00+00:00,2025-06-07 18:40:00+00:00,16.0,21.0,Delayed
203,2025-06-05 07:15:00+00:00,2025-06-05 07:02:00+00:00,13.0,18.0,Delayed
204,2025-06-11 20:59:00+00:00,2025-06-11 20:33:00+00:00,26.0,31.0,Delayed
205,2025-06-10 22:17:00+00:00,2025-06-10 21:58:00+00:00,19.0,24.0,Delayed
206,2025-06-14 03:21:00+00:00,2025-06-14 02:58:00+00:00,23.0,28.0,Delivered
207,2025-06-07 02:57:00+00:00,2025-06-07 02:44:30+00:00,12.5,17.5,Delivered
208,2025-06-16 01:58:00+00:00,2025-06-16 01:38:30+00:00,19.5,24.5,Cancelled
209,2025-06-14 07:40:00+00:00,2025-06-14 07:18:30+00:00,21.5,26.5,Delayed
210,2025-06-08 11:22:00+00:00,2025-06-08 11:11:00+00:00,11.0,16.0,Cancelled
211,2025-06-14 09:38:00+00:00,2025-06-14 09:19:30+00:00,18.5,23.5,Delivered
212,2025-06-06 15:34:00+00:00,2025-06-06 15:18:00+00:00,16.0,21.0,Delayed
213,2025-06-07 04:35:00+00:00,2025-06-07 04:15:00+00:00,20.0,25.0,Delivered
214,2025-06-04 09:44:00+00:00,2025-06-04 09:19:00+00:00,25.0,30.0,Delivered
215,2025-06-11 22:55:00+00:00,2025-06-11 22:40:00+00:00,15.0,20.0,Delivered
216,2025-06-10 05:59:00+00:00,2025-06-10 05:47:00+00:00,12.0,17.0,Delivered
217,2025-06-12 14:35:00+00:00,2025-06-12 14:22:30+00:00,12.5,17.5,Delivered
218,2025-06-15 23:31:00+00:00,2025-06-15 23:01:30+00:00,29.5,34.5,Delivered
219,2025-06-02 14:33:00+00:00,2025-06-02 14:05:30+00:00,27.5,32.5,Delayed
220,2025-06-08 20:25:00+00:00,2025-06-08 19:56:30+00:00,28.5,33.5,Delayed
221,2025-06-09 15:02:00+00:00,2025-06-09 14:40:30+00:00,21.5,26.5,Delayed
222,2025-06-13 22:23:00+00:00,2025-06-13 22:11:30+00:00,11.5,16.5,Delayed
223,2025-06-06 01:46:00+00:00,2025-06-06 01:18:30+00:00,27.5,32.5,Delivered
224,2025-06-16 02:14:00+00:00,2025-06-16 01:57:30+00:00,16.5,21.5,Delivered
225,2025-06-05 10:51:00+00:00,2025-06-05 10:35:00+00:00,16.0,21.0,Cancelled
226,2025-06-13 19:45:00+00:00,2025-06-13 19:33:00+00:00,12.0,17.0,Delivered
227,2025-06-06 20:41:00+00:00,2025-06-06 20:26:00+00:00,15.0,20.0,Cancelled
228,2025-06-09 23:34:00+00:00,2025-06-09 23:24:00+00:00,10.0,15.0,Delivered
229,2025-06-02 05:23:00+00:00,2025-06-02 05:00:00+00:00,23.0,28.0,Cancelled
230,2025-06-05 23:45:00+00:00,2025-06-05 23:18:30+00:00,26.5,31.5,Cancelled
231,2025-06-14 10:45:00+00:00,2025-06-14 10:26:30+00:00,18.5,23.5,Delivered
232,2025-06-14 16:18:00+00:00,2025-06-14 15:57:00+00:00,21.0,26.0,Cancelled
233,2025-06-11 06:04:00+00:00,2025-06-11 05:40:00+00:00,24.0,29.0,Delayed
234,2025-06-01 13:19:00+00:00,2025-06-01 13:07:00+00:00,12.0,17.0,Delayed
235,2025-06-10 07:16:00+00:00,2025-06-10 06:51:00+00:00,25.0,30.0,Delayed
236,2025-06-02 17:58:00+00:00,2025-06-02 17:38:00+00:00,20.0,25.0,Cancelled
237,2025-06-12 18:51:00+00:00,2025-06-12 18:32:00+00:00,19.0,24.0,Delayed
238,2025-06-15 17:36:00+00:00,2025-06-15 17:14:00+00:00,22.0,27.0,Cancelled
239,2025-06-11 06:13:00+00:00,2025-06-11 05:56:30+00:00,16.5,21.5,Cancelled
240,2025-06-03 18:19:00+00:00,2025-06-03 17:56:30+00:00,22.5,27.5,Delayed
241,2025-06-10 01:40:00+00:00,2025-06-10 01:22:00+00:00,18.0,23.0,Cancelled
242,2025-06-11 21:10:00+00:00,2025-06-11 20:53:30+00:00,16.5,21.5,Delayed
243,2025-06-13 04:02:00+00:00,2025-06-13 03:36:30+00:00,25.5,30.5,Cancelled
244,2025-06-05 16:34:00+00:00,2025-06-05 16:22:30+00:00,11.5,16.5,Delivered
245,2025-06-13 06:54:00+00:00,2025-06-13 06:30:00+00:00,24.0,29.0,Delayed
246,2025-06-09 17:26:00+00:00,2025-06-09 17:15:00+00:00,11.0,16.0,Delivered
247,2025-06-09 17:21:00+00:00,2025-06-09 17:00:00+00:00,21.0,26.0,Delivered
248,2025-06-06 14:11:00+00:00,2025-06-06 13:47:00+00:00,24.0,29.0,Delivered
249,2025-06-16 09:22:00+00:00,2025-06-16 09:10:30+00:00,11.5,16.5,Cancelled
250,2025-06-06 09:25:00+00:00,2025-06-06 09:14:00+00:00,11.0,16.0,Cancelled
251,2025-06-08 14:32:00+00:00,2025-06-08 14:13:30+00:00,18.5,23.5,Delayed
252,2025-06-08 17:37:00+00:00,2025-06-08 17:23:00+00:00,14.0,19.0,Cancelled
253,2025-06-09 15:07:00+00:00,2025-06-09 14:51:00+00:00,16.0,21.0,Cancelled
254,2025-06-12 06:39:00+00:00,2025-06-12 06:25:00+00:00,14.0,19.0,Delivered
255,2025-06-14 03:05:00+00:00,2025-06-14 02:53:30+00:00,11.5,16.5,Cancelled
256,2025-06-14 18:17:00+00:00,2025-06-14 18:02:30+00:00,14.5,19.5,Delayed
257,2025-06-03 09:00:00+00:00,2025-06-03 08:39:00+00:00,21.0,26.0,Delayed
258,2025-06-14 00:46:00+00:00,2025-06-14 00:25:00+00:00,21.0,26.0,Cancelled
259,2025-06-10 02:24:00+00:00,2025-06-10 01:56:00+00:00,28.0,33.0,Delivered
260,2025-06-09 05:53:00+00:00,2025-06-09 05:32:00+00:00,21.0,26.0,Cancelled
261,2025-06-09 16:09:00+00:00,2025-06-09 16:01:30+00:00,7.5,12.5,Cancelled
262,2025-06-06 11:19:00+00:00,2025-06-06 11:03:30+00:00,15.5,20.5,Cancelled
263,2025-06-07 11:18:00+00:00,2025-06-07 11:02:30+00:00,15.5,20.5,Delayed
264,2025-06-08 14:24:00+00:00,2025-06-08 14:01:30+00:00,22.5,27.5,Delivered
265,2025-06-08 22:47:00+00:00,2025-06-08 22:30:30+00:00,16.5,21.5,Cancelled
266,2025-06-11 06:47:00+00:00,2025-06-11 06:25:00+00:00,22.0,27.0,Delayed
267,2025-06-07 18:43:00+00:00,2025-06-07 18:18:30+00:00,24.5,29.5,Delivered
268,2025-06-06 21:41:00+00:00,2025-06-06 21:26:00+00:00,15.0,20.0,Delivered
269,2025-06-13 23:23:00+00:00,2025-06-13 23:02:00+00:00,21.0,26.0,Delayed
270,2025-06-12 18:47:00+00:00,2025-06-12 18:29:00+00:00,18.0,23.0,Cancelled
271,2025-06-09 13:51:00+00:00,2025-06-09 13:32:00+00:00,19.0,24.0,Delayed
272,2025-06-07 06:32:00+00:00,2025-06-07 06:17:30+00:00,14.5,19.5,Delivered
273,2025-06-12 01:55:00+00:00,2025-06-12 01:36:30+00:00,18.5,23.5,Delivered
274,2025-06-05 14:29:00+00:00,2025-06-05 14:11:00+00:00,18.0,23.0,Cancelled
275,2025-06-04 04:23:00+00:00,2025-06-04 04:10:30+00:00,12.5,17.5,Delivered
276,2025-06-08 22:44:00+00:00,2025-06-08 22:26:30+00:00,17.5,22.5,Cancelled
277,2025-06-06 00:43:00+00:00,2025-06-06 00:25:30+00:00,17.5,22.5,Delayed
278,2025-06-08 12:30:00+00:00,2025-06-08 12:07:30+00:00,22.5,27.5,Delayed
279,2025-06-01 21:31:00+00:00,2025-06-01 21:07:30+00:00,23.5,28.5,Cancelled
280,2025-06-16 02:44:00+00:00,2025-06-16 02:24:30+00:00,19.5,24.5,Cancelled
281,2025-06-10 19:01:00+00:00,2025-06-10 18:39:30+00:00,21.5,26.5,Delayed
282,2025-06-12 10:51:00+00:00,2025-06-12 10:27:00+00:00,24.0,29.0,Delayed
283,2025-06-05 04:44:00+00:00,2025-06-05 04:28:00+00:00,16.0,21.0,Delayed
284,2025-06-14 18:13:00+00:00,2025-06-14 17:44:00+00:00,29.0,34.0,Cancelled
285,2025-06-14 04:17:00+00:00,2025-06-14 03:55:30+00:00,21.5,26.5,Cancelled
286,2025-06-02 01:45:00+00:00,2025-06-02 01:28:30+00:00,16.5,21.5,Cancelled
287,2025-06-09 01:02:00+00:00,2025-06-09 00:39:00+00:00,23.0,28.0,Cancelled
288,2025-06-07 18:08:00+00:00,2025-06-07 17:56:00+00:00,12.0,17.0,Delivered
289,2025-06-14 19:01:00+00:00,2025-06-14 18:48:00+00:00,13.0,18.0,Delayed
290,2025-06-03 18:30:00+00:00,2025-06-03 18:15:30+00:00,14.5,19.5,Delayed
291,2025-06-07 05:28:00+00:00,2025-06-07 05:04:30+00:00,23.5,28.5,Cancelled
292,2025-06-09 15:19:00+00:00,2025-06-09 14:57:00+00:00,22.0,27.0,Delayed
293,2025-06-08 20:03:00+00:00,2025-06-08 19:36:00+00:00,27.0,32.0,Delivered
294,2025-06-07 01:07:00+00:00,2025-06-07 00:40:30+00:00,26.5,31.5,Cancelled
295,2025-06-15 00:07:00+00:00,2025-06-14 23:46:00+00:00,21.0,26.0,Delayed
296,2025-06-07 07:44:00+00:00,2025-06-07 07:22:00+00:00,22.0,27.0,Delayed
297,2025-06-16 07:19:00+00:00,2025-06-16 06:57:30+00:00,21.5,26.5,Cancelled
298,2025-06-13 12:58:00+00:00,2025-06-13 12:29:00+00:00,29.0,34.0,Delivered
299,2025-06-09 19:46:00+00:00,2025-06-09 19:32:00+00:00,14.0,19.0,Cancelled
300,2025-06-12 18:51:00+00:00,2025-06-12 18:34:30+00:00,16.5,21.5,Delivered
301,2025-06-08 12:30:00+00:00,2025-06-08 12:19:30+00:00,10.5,15.5,Cancelled
302,2025-06-06 21:10:00+00:00,2025-06-06 20:50:30+00:00,19.5,24.5,Delivered
303,2025-06-13 13:15:00+00:00,2025-06-13 12:54:00+00:00,21.0,26.0,Delayed
304,2025-06-07 09:38:00+00:00,2025-06-07 09:13:00+00:00,25.0,30.0,Delayed
305,2025-06-05 01:34:00+00:00,2025-06-05 01:22:00+00:00,12.0,17.0,Delivered
306,2025-06-14 23:49:00+00:00,2025-06-14 23:29:30+00:00,19.5,24.5,Delayed
307,2025-06-03 16:50:00+00:00,2025-06-03 16:20:30+00:00,29.5,34.5,Delivered
308,2025-06-08 00:12:00+00:00,2025-06-08 00:03:30+00:00,8.5,13.5,Cancelled
309,2025-06-04 12:12:00+00:00,2025-06-04 11:48:30+00:00,23.5,28.5,Delayed
310,2025-06-01 18:00:00+00:00,2025-06-01 17:32:00+00:00,28.0,33.0,Delivered
311,2025-06-04 23:33:00+00:00,2025-06-04 23:24:00+00:00,9.0,14.0,Delayed
312,2025-06-05 12:18:00+00:00,2025-06-05 12:07:00+00:00,11.0,16.0,Delivered
313,2025-06-10 00:14:00+00:00,2025-06-09 23:56:30+00:00,17.5,22.5,Delivered
314,2025-06-14 07:17:00+00:00,2025-06-14 06:56:00+00:00,21.0,26.0,Cancelled
315,2025-06-13 04:38:00+00:00,2025-06-13 04:15:00+00:00,23.0,28.0,Delivered
316,2025-06-05 18:44:00+00:00,2025-06-05 18:24:30+00:00,19.5,24.5,Delayed
317,2025-06-05 23:43:00+00:00,2025-06-05 23:30:30+00:00,12.5,17.5,Cancelled
318,2025-06-15 18:48:00+00:00,2025-06-15 18:28:30+00:00,19.5,24.5,Delivered
319,2025-06-04 19:09:00+00:00,2025-06-04 18:46:30+00:00,22.5,27.5,Delayed
320,2025-06-13 13:21:00+00:00,2025-06-13 13:05:30+00:00,15.5,20.5,Cancelled
321,2025-06-13 05:50:00+00:00,2025-06-13 05:31:30+00:00,18.5,23.5,Cancelled
322,2025-06-03 23:13:00+00:00,2025-06-03 22:54:00+00:00,19.0,24.0,Delayed
323,2025-06-01 21:36:00+00:00,2025-06-01 21:23:30+00:00,12.5,17.5,Delayed
324,2025-06-05 23:16:00+00:00,2025-06-05 22:59:30+00:00,16.5,21.5,Delayed
325,2025-06-14 11:29:00+00:00,2025-06-14 11:10:00+00:00,19.0,24.0,Delivered
326,2025-06-13 07:12:00+00:00,2025-06-13 06:58:00+00:00,14.0,19.0,Delayed
327,2025-06-09 01:01:00+00:00,2025-06-09 00:39:00+00:00,22.0,27.0,Cancelled
328,2025-06-09 02:55:00+00:00,2025-06-09 02:36:00+00:00,19.0,24.0,Delivered
329,2025-06-13 16:06:00+00:00,2025-06-13 15:54:30+00:00,11.5,16.5,Cancelled
330,2025-06-12 16:56:00+00:00,2025-06-12 16:32:00+00:00,24.0,29.0,Delivered
331,2025-06-13 10:23:00+00:00,2025-06-13 10:08:00+00:00,15.0,20.0,Cancelled
332,2025-06-06 20:01:00+00:00,2025-06-06 19:36:30+00:00,24.5,29.5,Delivered
333,2025-06-05 08:38:00+00:00,2025-06-05 08:16:00+00:00,22.0,27.0,Delayed
334,2025-06-05 10:16:00+00:00,2025-06-05 09:53:30+00:00,22.5,27.5,Delayed
335,2025-06-14 03:23:00+00:00,2025-06-14 03:04:30+00:00,18.5,23.5,Delivered
336,2025-06-02 03:27:00+00:00,2025-06-02 03:04:00+00:00,23.0,28.0,Delayed
337,2025-06-13 01:23:00+00:00,2025-06-13 01:02:00+00:00,21.0,26.0,Delivered
338,2025-06-13 01:34:00+00:00,2025-06-13 01:11:30+00:00,22.5,27.5,Cancelled
339,2025-06-13 05:15:00+00:00,2025-06-13 05:05:30+00:00,9.5,14.5,Delivered
340,2025-06-10 21:12:00+00:00,2025-06-10 20:54:00+00:00,18.0,23.0,Delivered
341,2025-06-09 21:35:00+00:00,2025-06-09 21:08:00+00:00,27.0,32.0,Cancelled
342,2025-06-03 23:15:00+00:00,2025-06-03 22:49:00+00:00,26.0,31.0,Cancelled
343,2025-06-04 18:47:00+00:00,2025-06-04 18:24:30+00:00,22.5,27.5,Cancelled
344,2025-06-11 20:21:00+00:00,2025-06-11 19:58:00+00:00,23.0,28.0,Delivered
345,2025-06-07 14:50:00+00:00,2025-06-07 14:29:00+00:00,21.0,26.0,Delayed
346,2025-06-09 07:07:00+00:00,2025-06-09 06:50:30+00:00,16.5,21.5,Cancelled
347,2025-06-10 23:17:00+00:00,2025-06-10 22:51:30+00:00,25.5,30.5,Cancelled
348,2025-06-13 16:47:00+00:00,2025-06-13 16:25:00+00:00,22.0,27.0,Delayed
349,2025-06-01 17:05:00+00:00,2025-06-01 16:42:00+00:00,23.0,28.0,Cancelled
350,2025-06-15 12:30:00+00:00,2025-06-15 12:12:30+00:00,17.5,22.5,Delayed
351,2025-06-05 13:41:00+00:00,2025-06-05 13:23:30+00:00,17.5,22.5,Cancelled
352,2025-06-02 16:12:00+00:00,2025-06-02 15:56:30+00:00,15.5,20.5,Cancelled
353,2025-06-07 16:06:00+00:00,2025-06-07 15:50:00+00:00,16.0,21.0,Delivered
354,2025-06-13 21:17:00+00:00,2025-06-13 20:55:30+00:00,21.5,26.5,Delayed
355,2025-06-08 03:50:00+00:00,2025-06-08 03:30:00+00:00,20.0,25.0,Cancelled
356,2025-06-07 12:22:00+00:00,2025-06-07 12:05:00+00:00,17.0,22.0,Delivered
357,2025-06-13 20:07:00+00:00,2025-06-13 19:48:00+00:00,19.0,24.0,Cancelled
358,2025-06-01 22:43:00+00:00,2025-06-01 22:31:30+00:00,11.5,16.5,Cancelled
359,2025-06-14 12:44:00+00:00,2025-06-14 12:28:30+00:00,15.5,20.5,Delayed
360,2025-06-06 03:41:00+00:00,2025-06-06 03:24:30+00:00,16.5,21.5,Delivered
361,2025-06-15 23:05:00+00:00,2025-06-15 22:40:00+00:00,25.0,30.0,Delayed
362,2025-06-05 00:46:00+00:00,2025-06-05 00:31:30+00:00,14.5,19.5,Delayed
363,2025-06-01 23:47:00+00:00,2025-06-01 23:28:30+00:00,18.5,23.5,Delivered
364,2025-06-15 01:13:00+00:00,2025-06-15 00:48:30+00:00,24.5,29.5,Cancelled
365,2025-06-10 01:44:00+00:00,2025-06-10 01:34:30+00:00,9.5,14.5,Cancelled
366,2025-06-06 08:53:00+00:00,2025-06-06 08:36:00+00:00,17.0,22.0,Delayed
367,2025-06-14 20:34:00+00:00,2025-06-14 20:17:00+00:00,17.0,22.0,Delayed
368,2025-06-07 14:10:00+00:00,2025-06-07 13:52:00+00:00,18.0,23.0,Cancelled
369,2025-06-05 14:58:00+00:00,2025-06-05 14:40:00+00:00,18.0,23.0,Delivered
370,2025-06-03 01:19:00+00:00,2025-06-03 01:01:00+00:00,18.0,23.0,Cancelled
371,2025-06-04 19:27:00+00:00,2025-06-04 19:13:30+00:00,13.5,18.5,Delayed
372,2025-06-10 00:24:00+00:00,2025-06-10 00:03:30+00:00,20.5,25.5,Delayed
373,2025-06-10 17:02:00+00:00,2025-06-10 16:41:00+00:00,21.0,26.0,Delivered
374,2025-06-10 15:46:00+00:00,2025-06-10 15:25:00+00:00,21.0,26.0,Delayed
375,2025-06-15 20:03:00+00:00,2025-06-15 19:49:00+00:00,14.0,19.0,Delayed
376,2025-06-01 13:46:00+00:00,2025-06-01 13:20:30+00:00,25.5,30.5,Cancelled
377,2025-06-03 00:55:00+00:00,2025-06-03 00:39:30+00:00,15.5,20.5,Delivered
378,2025-06-03 15:32:00+00:00,2025-06-03 15:18:30+00:00,13.5,18.5,Delivered
379,2025-06-02 12:08:00+00:00,2025-06-02 11:43:30+00:00,24.5,29.5,Delayed
380,2025-06-02 11:01:00+00:00,2025-06-02 10:45:00+00:00,16.0,21.0,Cancelled
381,2025-06-13 05:13:00+00:00,2025-06-13 05:01:30+00:00,11.5,16.5,Delivered
382,2025-06-14 17:24:00+00:00,2025-06-14 17:08:30+00:00,15.5,20.5,Delayed
383,2025-06-02 20:42:00+00:00,2025-06-02 20:22:30+00:00,19.5,24.5,Delayed
384,2025-06-14 22:53:00+00:00,2025-06-14 22:31:00+00:00,22.0,27.0,Cancelled
385,2025-06-15 23:34:00+00:00,2025-06-15 23:18:30+00:00,15.5,20.5,Delayed
386,2025-06-05 05:51:00+00:00,2025-06-05 05:31:00+00:00,20.0,25.0,Cancelled
387,2025-06-13 02:56:00+00:00,2025-06-13 02:42:30+00:00,13.5,18.5,Delivered
388,2025-06-14 18:52:00+00:00,2025-06-14 18:28:30+00:00,23.5,28.5,Delivered
389,2025-06-12 11:17:00+00:00,2025-06-12 10:59:00+00:00,18.0,23.0,Cancelled
390,2025-06-16 02:03:00+00:00,2025-06-16 01:43:30+00:00,19.5,24.5,Cancelled
391,2025-06-03 09:26:00+00:00,2025-06-03 09:06:00+00:00,20.0,25.0,Delayed
392,2025-06-03 04:32:00+00:00,2025-06-03 04:03:00+00:00,29.0,34.0,Delayed
393,2025-06-03 20:34:00+00:00,2025-06-03 20:16:00+00:00,18.0,23.0,Cancelled
394,2025-06-16 08:48:00+00:00,2025-06-16 08:31:00+00:00,17.0,22.0,Cancelled
395,2025-06-04 14:13:00+00:00,2025-06-04 13:59:30+00:00,13.5,18.5,Delivered
396,2025-06-01 11:32:00+00:00,2025-06-01 11:04:30+00:00,27.5,32.5,Delivered
397,2025-06-05 01:26:00+00:00,2025-06-05 01:11:00+00:00,15.0,20.0,Cancelled
398,2025-06-11 23:18:00+00:00,2025-06-11 22:53:30+00:00,24.5,29.5,Delayed
399,2025-06-16 02:53:00+00:00,2025-06-16 02:27:00+00:00,26.0,31.0,Delayed
400,2025-06-10 15:15:00+00:00,2025-06-10 15:04:00+00:00,11.0,16.0,Delivered
401,2025-06-15 06:00:00+00:00,2025-06-15 05:37:00+00:00,23.0,28.0,Cancelled
402,2025-06-04 16:02:00+00:00,2025-06-04 15:42:30+00:00,19.5,24.5,Delayed
403,2025-06-10 07:43:00+00:00,2025-06-10 07:21:00+00:00,22.0,27.0,Delayed
404,2025-06-05 22:32:00+00:00,2025-06-05 22:05:00+00:00,27.0,32.0,Delivered
405,2025-06-13 16:11:00+00:00,2025-06-13 15:50:00+00:00,21.0,26.0,Delivered
406,2025-06-09 04:53:00+00:00,2025-06-09 04:35:00+00:00,18.0,23.0,Cancelled
407,2025-06-09 05:12:00+00:00,2025-06-09 04:47:30+00:00,24.5,29.5,Delivered
408,2025-06-03 10:53:00+00:00,2025-06-03 10:37:30+00:00,15.5,20.5,Cancelled
409,2025-06-09 07:44:00+00:00,2025-06-09 07:18:00+00:00,26.0,31.0,Delayed
410,2025-06-05 09:25:00+00:00,2025-06-05 08:59:00+00:00,26.0,31.0,Delayed
411,2025-06-13 08:52:00+00:00,2025-06-13 08:36:30+00:00,15.5,20.5,Cancelled
412,2025-06-03 22:04:00+00:00,2025-06-03 21:50:00+00:00,14.0,19.0,Cancelled
413,2025-06-13 05:08:00+00:00,2025-06-13 04:54:00+00:00,14.0,19.0,Delayed
414,2025-06-14 15:27:00+00:00,2025-06-14 15:06:00+00:00,21.0,26.0,Cancelled
415,2025-06-07 12:50:00+00:00,2025-06-07 12:26:30+00:00,23.5,28.5,Delivered
416,2025-06-14 21:58:00+00:00,2025-06-14 21:49:00+00:00,9.0,14.0,Delivered
417,2025-06-12 02:57:00+00:00,2025-06-12 02:30:30+00:00,26.5,31.5,Cancelled
418,2025-06-03 00:05:00+00:00,2025-06-02 23:52:00+00:00,13.0,18.0,Delivered
419,2025-06-02 07:49:00+00:00,2025-06-02 07:33:00+00:00,16.0,21.0,Delayed
420,2025-06-14 10:06:00+00:00,2025-06-14 09:48:00+00:00,18.0,23.0,Delayed
421,2025-06-08 06:23:00+00:00,2025-06-08 06:12:00+00:00,11.0,16.0,Cancelled
422,2025-06-10 06:16:00+00:00,2025-06-10 05:49:00+00:00,27.0,32.0,Delivered
423,2025-06-03 22:41:00+00:00,2025-06-03 22:23:00+00:00,18.0,23.0,Delayed
424,2025-06-07 19:34:00+00:00,2025-06-07 19:21:00+00:00,13.0,18.0,Cancelled
425,2025-06-15 08:56:00+00:00,2025-06-15 08:43:00+00:00,13.0,18.0,Cancelled
426,2025-06-16 04:20:00+00:00,2025-06-16 04:07:30+00:00,12.5,17.5,Delivered
427,2025-06-11 04:39:00+00:00,2025-06-11 04:31:00+00:00,8.0,13.0,Cancelled
428,2025-06-04 04:11:00+00:00,2025-06-04 03:51:00+00:00,20.0,25.0,Cancelled
429,2025-06-05 18:58:00+00:00,2025-06-05 18:29:00+00:00,29.0,34.0,Cancelled
430,2025-06-09 23:52:00+00:00,2025-06-09 23:31:00+00:00,21.0,26.0,Delayed
431,2025-06-10 22:20:00+00:00,2025-06-10 21:57:30+00:00,22.5,27.5,Delivered
432,2025-06-06 19:38:00+00:00,2025-06-06 19:15:00+00:00,23.0,28.0,Cancelled
433,2025-06-03 08:42:00+00:00,2025-06-03 08:17:30+00:00,24.5,29.5,Delayed
434,2025-06-02 13:06:00+00:00,2025-06-02 12:48:30+00:00,17.5,22.5,Delayed
435,2025-06-14 02:29:00+00:00,2025-06-14 02:05:00+00:00,24.0,29.0,Cancelled
436,2025-06-15 15:55:00+00:00,2025-06-15 15:30:30+00:00,24.5,29.5,Delivered
437,2025-06-03 00:00:00+00:00,2025-06-02 23:32:00+00:00,28.0,33.0,Delayed
438,2025-06-04 18:45:00+00:00,2025-06-04 18:19:00+00:00,26.0,31.0,Cancelled
439,2025-06-10 16:30:00+00:00,2025-06-10 16:03:30+00:00,26.5,31.5,Delivered
440,2025-06-15 01:54:00+00:00,2025-06-15 01:39:30+00:00,14.5,19.5,Cancelled
441,2025-06-06 00:58:00+00:00,2025-06-06 00:46:30+00:00,11.5,16.5,Delayed
442,2025-06-11 07:32:00+00:00,2025-06-11 07:08:30+00:00,23.5,28.5,Delivered
443,2025-06-13 09:03:00+00:00,2025-06-13 08:48:00+00:00,15.0,20.0,Delivered
444,2025-06-02 17:55:00+00:00,2025-06-02 17:36:30+00:00,18.5,23.5,Delayed
445,2025-06-05 20:11:00+00:00,2025-06-05 19:56:00+00:00,15.0,20.0,Cancelled
446,2025-06-02 07:15:00+00:00,2025-06-02 07:01:00+00:00,14.0,19.0,Cancelled
447,2025-06-08 17:21:00+00:00,2025-06-08 17:02:00+00:00,19.0,24.0,Delivered
448,2025-06-09 12:39:00+00:00,2025-06-09 12:17:00+00:00,22.0,27.0,Delayed
449,2025-06-06 07:52:00+00:00,2025-06-06 07:30:00+00:00,22.0,27.0,Cancelled
450,2025-06-06 02:33:00+00:00,2025-06-06 02:15:00+00:00,18.0,23.0,Cancelled
451,2025-06-08 09:43:00+00:00,2025-06-08 09:18:00+00:00,25.0,30.0,Delivered
452,2025-06-03 17:05:00+00:00,2025-06-03 16:42:00+00:00,23.0,28.0,Delayed
453,2025-06-08 00:06:00+00:00,2025-06-07 23:51:00+00:00,15.0,20.0,Delayed
454,2025-06-14 03:19:00+00:00,2025-06-14 02:59:00+00:00,20.0,25.0,Delayed
455,2025-06-07 04:38:00+00:00,2025-06-07 04:18:00+00:00,20.0,25.0,Delayed
456,2025-06-11 03:35:00+00:00,2025-06-11 03:25:30+00:00,9.5,14.5,Delivered
457,2025-06-07 09:53:00+00:00,2025-06-07 09:24:30+00:00,28.5,33.5,Cancelled
458,2025-06-07 14:30:00+00:00,2025-06-07 14:01:30+00:00,28.5,33.5,Cancelled
459,2025-06-04 15:52:00+00:00,2025-06-04 15:34:00+00:00,18.0,23.0,Delivered
460,2025-06-02 20:48:00+00:00,2025-06-02 20:24:30+00:00,23.5,28.5,Delivered
461,2025-06-14 21:10:00+00:00,2025-06-14 20:55:00+00:00,15.0,20.0,Delayed
462,2025-06-06 17:46:00+00:00,2025-06-06 17:32:00+00:00,14.0,19.0,Cancelled
463,2025-06-15 06:22:00+00:00,2025-06-15 06:09:30+00:00,12.5,17.5,Cancelled
464,2025-06-03 05:20:00+00:00,2025-06-03 05:01:30+00:00,18.5,23.5,Cancelled
465,2025-06-07 23:03:00+00:00,2025-06-07 22:48:30+00:00,14.5,19.5,Delayed
466,2025-06-03 08:10:00+00:00,2025-06-03 07:48:30+00:00,21.5,26.5,Delayed
467,2025-06-02 10:57:00+00:00,2025-06-02 10:41:00+00:00,16.0,21.0,Cancelled
468,2025-06-10 02:00:00+00:00,2025-06-10 01:40:00+00:00,20.0,25.0,Delayed
469,2025-06-03 03:56:00+00:00,2025-06-03 03:40:30+00:00,15.5,20.5,Cancelled
470,2025-06-12 11:08:00+00:00,2025-06-12 10:49:00+00:00,19.0,24.0,Delivered
471,2025-06-06 19:40:00+00:00,2025-06-06 19:25:30+00:00,14.5,19.5,Cancelled
472,2025-06-14 12:39:00+00:00,2025-06-14 12:18:00+00:00,21.0,26.0,Delayed
473,2025-06-14 20:43:00+00:00,2025-06-14 20:25:00+00:00,18.0,23.0,Delivered
474,2025-06-06 07:56:00+00:00,2025-06-06 07:33:00+00:00,23.0,28.0,Delivered
475,2025-06-04 20:30:00+00:00,2025-06-04 20:07:30+00:00,22.5,27.5,Delivered
476,2025-06-06 12:39:00+00:00,2025-06-06 12:17:00+00:00,22.0,27.0,Delivered
477,2025-06-01 14:48:00+00:00,2025-06-01 14:32:00+00:00,16.0,21.0,Cancelled
478,2025-06-13 21:28:00+00:00,2025-06-13 21:05:30+00:00,22.5,27.5,Delivered
479,2025-06-14 06:52:00+00:00,2025-06-14 06:36:00+00:00,16.0,21.0,Cancelled
480,2025-06-11 12:42:00+00:00,2025-06-11 12:22:00+00:00,20.0,25.0,Delayed
481,2025-06-12 12:16:00+00:00,2025-06-12 11:54:00+00:00,22.0,27.0,Delivered
482,2025-06-07 22:03:00+00:00,2025-06-07 21:43:30+00:00,19.5,24.5,Delivered
483,2025-06-10 19:43:00+00:00,2025-06-10 19:28:00+00:00,15.0,20.0,Delayed
484,2025-06-16 08:53:00+00:00,2025-06-16 08:32:00+00:00,21.0,26.0,Delayed
485,2025-06-13 10:26:00+00:00,2025-06-13 10:15:30+00:00,10.5,15.5,Delayed
486,2025-06-11 14:52:00+00:00,2025-06-11 14:24:30+00:00,27.5,32.5,Cancelled
487,2025-06-11 18:16:00+00:00,2025-06-11 17:54:00+00:00,22.0,27.0,Cancelled
488,2025-06-05 14:42:00+00:00,2025-06-05 14:24:30+00:00,17.5,22.5,Delayed
489,2025-06-06 18:29:00+00:00,2025-06-06 18:10:00+00:00,19.0,24.0,Delayed
490,2025-06-05 19:00:00+00:00,2025-06-05 18:39:00+00:00,21.0,26.0,Cancelled
491,2025-06-03 09:02:00+00:00,2025-06-03 08:36:00+00:00,26.0,31.0,Delayed
492,2025-06-06 10:58:00+00:00,2025-06-06 10:39:00+00:00,19.0,24.0,Cancelled
493,2025-06-10 21:50:00+00:00,2025-06-10 21:40:30+00:00,9.5,14.5,Delivered
494,2025-06-15 13:17:00+00:00,2025-06-15 12:48:30+00:00,28.5,33.5,Cancelled
495,2025-06-09 00:52:00+00:00,2025-06-09 00:32:30+00:00,19.5,24.5,Delivered
496,2025-06-10 08:49:00+00:00,2025-06-10 08:23:00+00:00,26.0,31.0,Delivered
497,2025-06-09 14:14:00+00:00,2025-06-09 13:53:30+00:00,20.5,25.5,Delayed
498,2025-06-06 10:56:00+00:00,2025-06-06 10:38:00+00:00,18.0,23.0,Cancelled
499,2025-06-10 06:32:00+00:00,2025-06-10 06:13:30+00:00,18.5,23.5,Cancelled
500,2025-06-05 23:47:00+00:00,2025-06-05 23:24:30+00:00,22.5,27.5,Delayed
501,2025-06-15 01:39:00+00:00,2025-06-15 01:22:00+00:00,17.0,22.0,Delayed
502,2025-06-05 09:18:00+00:00,2025-06-05 08:58:00+00:00,20.0,25.0,Delayed
503,2025-06-09 17:35:00+00:00,2025-06-09 17:20:30+00:00,14.5,19.5,Delayed
504,2025-06-10 05:48:00+00:00,2025-06-10 05:34:00+00:00,14.0,19.0,Cancelled
505,2025-06-09 18:01:00+00:00,2025-06-09 17:39:00+00:00,22.0,27.0,Cancelled
506,2025-06-07 03:11:00+00:00,2025-06-07 02:54:00+00:00,17.0,22.0,Delivered
507,2025-06-10 14:01:00+00:00,2025-06-10 13:43:00+00:00,18.0,23.0,Delayed
508,2025-06-05 13:44:00+00:00,2025-06-05 13:23:30+00:00,20.5,25.5,Cancelled
509,2025-06-08 16:24:00+00:00,2025-06-08 15:54:30+00:00,29.5,34.5,Delivered
510,2025-06-15 07:17:00+00:00,2025-06-15 07:01:00+00:00,16.0,21.0,Cancelled
511,2025-06-06 18:16:00+00:00,2025-06-06 18:01:30+00:00,14.5,19.5,Delayed
512,2025-06-09 13:24:00+00:00,2025-06-09 13:10:30+00:00,13.5,18.5,Cancelled
513,2025-06-10 06:15:00+00:00,2025-06-10 05:56:30+00:00,18.5,23.5,Delayed
514,2025-06-10 13:29:00+00:00,2025-06-10 13:14:00+00:00,15.0,20.0,Delayed
515,2025-06-10 08:24:00+00:00,2025-06-10 07:59:00+00:00,25.0,30.0,Cancelled
516,2025-06-05 01:08:00+00:00,2025-06-05 00:51:00+00:00,17.0,22.0,Delayed
517,2025-06-10 05:32:00+00:00,2025-06-10 05:10:30+00:00,21.5,26.5,Cancelled
518,2025-06-08 05:06:00+00:00,2025-06-08 04:51:00+00:00,15.0,20.0,Delivered
519,2025-06-05 03:55:00+00:00,2025-06-05 03:39:30+00:00,15.5,20.5,Delayed
520,2025-06-05 03:15:00+00:00,2025-06-05 03:01:00+00:00,14.0,19.0,Delivered
521,2025-06-08 09:37:00+00:00,2025-06-08 09:20:00+00:00,17.0,22.0,Delivered
522,2025-06-13 00:49:00+00:00,2025-06-13 00:25:30+00:00,23.5,28.5,Delayed
523,2025-06-12 05:37:00+00:00,2025-06-12 05:16:30+00:00,20.5,25.5,Cancelled
524,2025-06-04 00:45:00+00:00,2025-06-04 00:30:30+00:00,14.5,19.5,Delayed
525,2025-06-05 10:32:00+00:00,2025-06-05 10:14:00+00:00,18.0,23.0,Cancelled
526,2025-06-11 01:10:00+00:00,2025-06-11 00:47:30+00:00,22.5,27.5,Cancelled
527,2025-06-03 03:38:00+00:00,2025-06-03 03:08:30+00:00,29.5,34.5,Delivered
528,2025-06-05 01:43:00+00:00,2025-06-05 01:25:30+00:00,17.5,22.5,Cancelled
529,2025-06-09 02:54:00+00:00,2025-06-09 02:36:00+00:00,18.0,23.0,Delayed
530,2025-06-06 05:23:00+00:00,2025-06-06 05:06:30+00:00,16.5,21.5,Delivered
531,2025-06-15 00:16:00+00:00,2025-06-14 23:55:00+00:00,21.0,26.0,Delayed
532,2025-06-10 16:57:00+00:00,2025-06-10 16:46:30+00:00,10.5,15.5,Delivered
533,2025-06-01 19:46:00+00:00,2025-06-01 19:21:00+00:00,25.0,30.0,Cancelled
534,2025-06-02 15:42:00+00:00,2025-06-02 15:24:00+00:00,18.0,23.0,Delayed
535,2025-06-10 08:25:00+00:00,2025-06-10 08:05:00+00:00,20.0,25.0,Cancelled
536,2025-06-08 15:01:00+00:00,2025-06-08 14:43:00+00:00,18.0,23.0,Delivered
537,2025-06-06 05:25:00+00:00,2025-06-06 05:04:30+00:00,20.5,25.5,Delivered
538,2025-06-13 13:23:00+00:00,2025-06-13 13:02:00+00:00,21.0,26.0,Delayed
539,2025-06-05 18:43:00+00:00,2025-06-05 18:32:00+00:00,11.0,16.0,Delivered
540,2025-06-12 01:32:00+00:00,2025-06-12 01:04:30+00:00,27.5,32.5,Delivered
541,2025-06-04 08:47:00+00:00,2025-06-04 08:26:30+00:00,20.5,25.5,Delayed
542,2025-06-15 15:41:00+00:00,2025-06-15 15:17:30+00:00,23.5,28.5,Delivered
543,2025-06-03 05:06:00+00:00,2025-06-03 04:46:30+00:00,19.5,24.5,Delayed
544,2025-06-08 07:35:00+00:00,2025-06-08 07:09:30+00:00,25.5,30.5,Delayed
545,2025-06-11 08:20:00+00:00,2025-06-11 08:07:00+00:00,13.0,18.0,Cancelled
546,2025-06-04 03:36:00+00:00,2025-06-04 03:26:30+00:00,9.5,14.5,Delivered
547,2025-06-10 11:41:00+00:00,2025-06-10 11:21:30+00:00,19.5,24.5,Cancelled
548,2025-06-12 18:55:00+00:00,2025-06-12 18:46:30+00:00,8.5,13.5,Delivered
549,2025-06-15 21:39:00+00:00,2025-06-15 21:24:30+00:00,14.5,19.5,Cancelled
550,2025-06-14 23:33:00+00:00,2025-06-14 23:17:00+00:00,16.0,21.0,Delivered
551,2025-06-06 09:45:00+00:00,2025-06-06 09:26:00+00:00,19.0,24.0,Delivered
552,2025-06-07 14:39:00+00:00,2025-06-07 14:18:00+00:00,21.0,26.0,Delivered
553,2025-06-13 09:09:00+00:00,2025-06-13 08:53:30+00:00,15.5,20.5,Delivered
554,2025-06-11 00:06:00+00:00,2025-06-10 23:50:30+00:00,15.5,20.5,Delayed
555,2025-06-10 07:31:00+00:00,2025-06-10 07:11:30+00:00,19.5,24.5,Delivered
556,2025-06-15 14:30:00+00:00,2025-06-15 14:17:00+00:00,13.0,18.0,Delivered
557,2025-06-02 04:19:00+00:00,2025-06-02 03:53:30+00:00,25.5,30.5,Delayed
558,2025-06-11 18:45:00+00:00,2025-06-11 18:33:30+00:00,11.5,16.5,Cancelled
559,2025-06-02 01:37:00+00:00,2025-06-02 01:26:30+00:00,10.5,15.5,Delivered
560,2025-06-05 08:18:00+00:00,2025-06-05 07:57:00+00:00,21.0,26.0,Cancelled
561,2025-06-14 03:03:00+00:00,2025-06-14 02:43:00+00:00,20.0,25.0,Cancelled
562,2025-06-05 20:55:00+00:00,2025-06-05 20:45:00+00:00,10.0,15.0,Delayed
563,2025-06-06 12:35:00+00:00,2025-06-06 12:09:00+00:00,26.0,31.0,Cancelled
564,2025-06-09 14:21:00+00:00,2025-06-09 14:09:30+00:00,11.5,16.5,Delayed
565,2025-06-05 02:58:00+00:00,2025-06-05 02:41:00+00:00,17.0,22.0,Delayed
566,2025-06-15 16:49:00+00:00,2025-06-15 16:32:30+00:00,16.5,21.5,Cancelled
567,2025-06-05 14:37:00+00:00,2025-06-05 14:12:30+00:00,24.5,29.5,Delayed
568,2025-06-09 02:37:00+00:00,2025-06-09 02:15:00+00:00,22.0,27.0,Delayed
569,2025-06-03 17:50:00+00:00,2025-06-03 17:37:30+00:00,12.5,17.5,Cancelled
570,2025-06-13 17:19:00+00:00,2025-06-13 16:58:30+00:00,20.5,25.5,Delayed
571,2025-06-03 16:31:00+00:00,2025-06-03 16:16:00+00:00,15.0,20.0,Cancelled
572,2025-06-13 15:48:00+00:00,2025-06-13 15:35:30+00:00,12.5,17.5,Cancelled
573,2025-06-05 19:39:00+00:00,2025-06-05 19:14:30+00:00,24.5,29.5,Delayed
574,2025-06-09 11:33:00+00:00,2025-06-09 11:17:30+00:00,15.5,20.5,Delayed
575,2025-06-07 00:36:00+00:00,2025-06-07 00:08:30+00:00,27.5,32.5,Cancelled
576,2025-06-14 02:54:00+00:00,2025-06-14 02:33:00+00:00,21.0,26.0,Delayed
577,2025-06-08 04:54:00+00:00,2025-06-08 04:44:30+00:00,9.5,14.5,Delayed
578,2025-06-07 10:06:00+00:00,2025-06-07 09:06:00+00:00,0.0,5.0,Cancelled
579,2025-06-04 00:06:00+00:00,2025-06-03 23:42:30+00:00,23.5,28.5,Delayed
580,2025-06-07 01:10:00+00:00,2025-06-07 00:52:00+00:00,18.0,23.0,Cancelled
581,2025-06-01 17:22:00+00:00,2025-06-01 17:00:00+00:00,22.0,27.0,Delivered
582,2025-06-13 00:59:00+00:00,2025-06-13 00:38:30+00:00,20.5,25.5,Cancelled
583,2025-06-06 15:36:00+00:00,2025-06-06 15:24:30+00:00,11.5,16.5,Delayed
584,2025-06-03 12:54:00+00:00,2025-06-03 12:38:30+00:00,15.5,20.5,Delayed
585,2025-06-08 23:50:00+00:00,2025-06-08 23:40:00+00:00,10.0,15.0,Delivered
586,2025-06-10 04:33:00+00:00,2025-06-10 04:09:30+00:00,23.5,28.5,Cancelled
587,2025-06-11 15:30:00+00:00,2025-06-11 15:05:00+00:00,25.0,30.0,Delivered
588,2025-06-13 10:02:00+00:00,2025-06-13 09:45:00+00:00,17.0,22.0,Delivered
589,2025-06-14 08:36:00+00:00,2025-06-14 08:16:00+00:00,20.0,25.0,Cancelled
590,2025-06-11 18:47:00+00:00,2025-06-11 18:37:30+00:00,9.5,14.5,Delayed
591,2025-06-16 04:54:00+00:00,2025-06-16 04:39:00+00:00,15.0,20.0,Cancelled
592,2025-06-04 09:54:00+00:00,2025-06-04 09:41:30+00:00,12.5,17.5,Cancelled
593,2025-06-03 15:57:00+00:00,2025-06-03 15:45:00+00:00,12.0,17.0,Delayed
594,2025-06-11 22:12:00+00:00,2025-06-11 22:02:30+00:00,9.5,14.5,Delivered
595,2025-06-06 08:15:00+00:00,2025-06-06 07:52:00+00:00,23.0,28.0,Delayed
596,2025-06-10 00:47:00+00:00,2025-06-10 00:31:30+00:00,15.5,20.5,Cancelled
597,2025-06-14 10:10:00+00:00,2025-06-14 09:59:00+00:00,11.0,16.0,Cancelled
598,2025-06-06 13:53:00+00:00,2025-06-06 13:37:00+00:00,16.0,21.0,Cancelled
599,2025-06-10 04:41:00+00:00,2025-06-10 04:17:00+00:00,24.0,29.0,Delivered
600,2025-06-12 20:05:00+00:00,2025-06-12 19:43:00+00:00,22.0,27.0,Delivered
601,2025-06-06 21:13:00+00:00,2025-06-06 20:50:30+00:00,22.5,27.5,Delayed
602,2025-06-14 17:44:00+00:00,2025-06-14 17:32:30+00:00,11.5,16.5,Cancelled
603,2025-06-02 14:42:00+00:00,2025-06-02 14:30:00+00:00,12.0,17.0,Delivered
604,2025-06-12 22:03:00+00:00,2025-06-12 21:42:00+00:00,21.0,26.0,Delayed
605,2025-06-02 18:53:00+00:00,2025-06-02 18:24:30+00:00,28.5,33.5,Cancelled
606,2025-06-16 08:04:00+00:00,2025-06-16 07:43:30+00:00,20.5,25.5,Cancelled
607,2025-06-16 09:28:00+00:00,2025-06-16 09:12:30+00:00,15.5,20.5,Delivered
608,2025-06-09 02:55:00+00:00,2025-06-09 02:28:30+00:00,26.5,31.5,Delayed
609,2025-06-11 14:43:00+00:00,2025-06-11 14:21:00+00:00,22.0,27.0,Delivered
610,,,,,Cancelled
611,,,,,Delayed
612,,,,,Delivered
613,,,,,Cancelled
614,,,,,Delayed
615,,,,,Delayed
616,,,,,Delayed
617,,,,,Delivered
618,,,,,Delivered
619,,,,,Delayed
620,,,,,Delivered
621,,,,,Cancelled
622,,,,,Delivered
623,,,,,Delayed
624,,,,,Delayed
625,,,,,Cancelled
626,,,,,Cancelled
627,,,,,Delivered
628,,,,,Delayed
629,,,,,Delivered
630,,,,,Cancelled
631,,,,,Cancelled
632,,,,,Delayed
633,,,,,Cancelled
634,,,,,Cancelled
635,,,,,Cancelled
636,,,,,Delayed
637,,,,,Delivered
638,,,,,Delivered
639,,,,,Delayed
640,,,,,Delayed
641,,,,,Delayed
642,,,,,Delivered
643,,,,,Cancelled
644,,,,,Delivered
645,,,,,Cancelled
646,,,,,Cancelled
647,,,,,Delivered
648,,,,,Cancelled
649,,,,,Delayed
