Order_Time,item_in_order,order_id,payment_status,cust_id,Delivery_Time,prepared_time,preparing_eta,delivery_eta,order_status
2025-06-16 08:32:00+00:00,Onion Uttapam,O9663,NET BANKING,1050.0,2025-06-16 09:11:00+00:00,2025-06-16 08:51:30+00:00,19.5,24.5,Cancelled
2025-06-09 17:34:00+00:00,Dal Khichidi,O7579,NET BANKING,1051.0,2025-06-09 18:15:00+00:00,2025-06-09 17:54:30+00:00,20.5,25.5,Delayed
2025-06-15 01:14:00+00:00,Veg Pulao,O10144,CREDIT CARD,1052.0,2025-06-15 01:32:00+00:00,2025-06-15 01:23:00+00:00,9.0,14.0,Delayed
2025-06-13 04:32:00+00:00,Onion Poha,O10250,CREDIT CARD,1053.0,2025-06-13 05:08:00+00:00,2025-06-13 04:50:00+00:00,18.0,23.0,Delayed
2025-06-12 20:49:00+00:00,Onion Uttapam,O6827,NET BANKING,1054.0,2025-06-12 21:41:00+00:00,2025-06-12 21:15:00+00:00,26.0,31.0,Delayed
2025-06-07 07:29:00+00:00,"Burger, French Fries",O7588,UPI,1055.0,2025-06-07 08:04:00+00:00,2025-06-07 07:46:30+00:00,17.5,22.5,Cancelled
2025-06-15 12:13:00+00:00,Upma,O10818,CREDIT CARD,1056.0,2025-06-15 13:03:00+00:00,2025-06-15 12:38:00+00:00,25.0,30.0,Delivered
2025-06-08 05:29:00+00:00,Veg Pasta,O6727,COD,1057.0,2025-06-08 06:15:00+00:00,2025-06-08 05:52:00+00:00,23.0,28.0,Delayed
2025-06-05 08:34:00+00:00,Masal Dosa,O10668,DEBIT CARD,1058.0,2025-06-05 09:21:00+00:00,2025-06-05 08:57:30+00:00,23.5,28.5,Cancelled
2025-06-04 09:49:00+00:00,Chapati Bhaji,O7775,COD,1059.0,2025-06-04 10:38:00+00:00,2025-06-04 10:13:30+00:00,24.5,29.5,Delivered
2025-06-13 22:24:00+00:00,Dal Rice Bhaji,O9340,NET BANKING,1060.0,2025-06-13 22:59:00+00:00,2025-06-13 22:41:30+00:00,17.5,22.5,Delivered
2025-06-12 02:49:00+00:00,"Veg Pulao, Lemon Juice",O6631,DEBIT CARD,1061.0,2025-06-12 03:37:00+00:00,2025-06-12 03:13:00+00:00,24.0,29.0,Delivered
2025-06-06 16:15:00+00:00,Chapati Bhaji,O5434,NET BANKING,1062.0,2025-06-06 16:47:00+00:00,2025-06-06 16:31:00+00:00,16.0,21.0,Delayed
2025-06-09 09:08:00+00:00,Veg Thali,O9834,UPI,1063.0,2025-06-09 09:45:00+00:00,2025-06-09 09:26:30+00:00,18.5,23.5,Cancelled
2025-06-06 04:27:00+00:00,"Veg Pulao, Lemon Juice",O9621,UPI,1064.0,2025-06-06 05:04:00+00:00,2025-06-06 04:45:30+00:00,18.5,23.5,Delayed
2025-06-06 07:43:00+00:00,"Burger, Apple Milk Shake",O5847,DEBIT CARD,1065.0,2025-06-06 08:12:00+00:00,2025-06-06 07:57:30+00:00,14.5,19.5,Cancelled
2025-06-15 05:58:00+00:00,Onion Uttapam,O8407,COD,1066.0,2025-06-15 06:27:00+00:00,2025-06-15 06:12:30+00:00,14.5,19.5,Cancelled
2025-06-06 03:39:00+00:00,"Burger, Apple Milk Shake",O7321,DEBIT CARD,1067.0,2025-06-06 04:15:00+00:00,2025-06-06 03:57:00+00:00,18.0,23.0,Cancelled
2025-06-02 11:01:00+00:00,Onion Uttapam,O8699,DEBIT CARD,1068.0,2025-06-02 11:38:00+00:00,2025-06-02 11:19:30+00:00,18.5,23.5,Cancelled
2025-06-12 15:57:00+00:00,Chapati Bhaji,O6280,DEBIT CARD,1069.0,2025-06-12 16:25:00+00:00,2025-06-12 16:11:00+00:00,14.0,19.0,Delivered
2025-06-03 17:28:00+00:00,Veg Thali,O9067,DEBIT CARD,1070.0,2025-06-03 18:08:00+00:00,2025-06-03 17:48:00+00:00,20.0,25.0,Delivered
2025-06-09 22:14:00+00:00,Veg Pasta,O7605,E-Wallet,1071.0,2025-06-09 23:00:00+00:00,2025-06-09 22:37:00+00:00,23.0,28.0,Delayed
2025-06-07 15:55:00+00:00,Sheera,O9563,CREDIT CARD,1072.0,2025-06-07 16:19:00+00:00,2025-06-07 16:07:00+00:00,12.0,17.0,Delayed
2025-06-09 14:02:00+00:00,Masala Uttapam,O8516,UPI,1073.0,2025-06-09 14:39:00+00:00,2025-06-09 14:20:30+00:00,18.5,23.5,Delayed
2025-06-10 04:37:00+00:00,Sheera,O10262,COD,1074.0,2025-06-10 05:26:00+00:00,2025-06-10 05:01:30+00:00,24.5,29.5,Delayed
2025-06-07 23:48:00+00:00,Veg Pulao,O10159,UPI,1075.0,2025-06-08 00:38:00+00:00,2025-06-08 00:13:00+00:00,25.0,30.0,Cancelled
2025-06-07 07:14:00+00:00,Chapati Bhaji,O10356,COD,1076.0,2025-06-07 08:05:00+00:00,2025-06-07 07:39:30+00:00,25.5,30.5,Delivered
2025-06-13 17:21:00+00:00,Idli Sambar,O10702,DEBIT CARD,1077.0,2025-06-13 18:01:00+00:00,2025-06-13 17:41:00+00:00,20.0,25.0,Delayed
2025-06-04 07:35:00+00:00,Masal Dosa,O8264,NET BANKING,1078.0,2025-06-04 08:23:00+00:00,2025-06-04 07:59:00+00:00,24.0,29.0,Cancelled
2025-06-13 05:03:00+00:00,"Veg Pulao, Lemon Juice",O9094,COD,1079.0,2025-06-13 05:42:00+00:00,2025-06-13 05:22:30+00:00,19.5,24.5,Delayed
2025-06-06 07:05:00+00:00,"Burger, French Fries",O10705,NET BANKING,1080.0,2025-06-06 07:49:00+00:00,2025-06-06 07:27:00+00:00,22.0,27.0,Cancelled
2025-06-03 23:25:00+00:00,"Burger, French Fries",O6408,DEBIT CARD,1081.0,2025-06-03 23:58:00+00:00,2025-06-03 23:41:30+00:00,16.5,21.5,Delivered
2025-06-04 08:01:00+00:00,Medu Vada,O10304,UPI,1082.0,2025-06-04 08:44:00+00:00,2025-06-04 08:22:30+00:00,21.5,26.5,Cancelled
2025-06-12 00:44:00+00:00,Masala Uttapam,O5774,COD,1083.0,2025-06-12 01:29:00+00:00,2025-06-12 01:06:30+00:00,22.5,27.5,Cancelled
2025-06-12 08:05:00+00:00,Veg Pulao,O8155,E-Wallet,1084.0,2025-06-12 08:44:00+00:00,2025-06-12 08:24:30+00:00,19.5,24.5,Delivered
2025-06-05 18:42:00+00:00,Dal Khichidi,O6697,CREDIT CARD,1085.0,2025-06-05 19:04:00+00:00,2025-06-05 18:53:00+00:00,11.0,16.0,Delivered
2025-06-15 12:43:00+00:00,Veg Pulao,O8637,UPI,1086.0,2025-06-15 13:20:00+00:00,2025-06-15 13:01:30+00:00,18.5,23.5,Delayed
2025-06-10 20:38:00+00:00,"Burger, French Fries",O10176,NET BANKING,1087.0,2025-06-10 21:22:00+00:00,2025-06-10 21:00:00+00:00,22.0,27.0,Cancelled
2025-06-02 05:07:00+00:00,Chapati Bhaji,O9325,NET BANKING,1088.0,2025-06-02 05:46:00+00:00,2025-06-02 05:26:30+00:00,19.5,24.5,Delayed
2025-06-16 01:47:00+00:00,Masala Uttapam,O5852,E-Wallet,1089.0,2025-06-16 02:42:00+00:00,2025-06-16 02:14:30+00:00,27.5,32.5,Cancelled
2025-06-11 04:20:00+00:00,Upma,O10045,CREDIT CARD,1090.0,2025-06-11 05:04:00+00:00,2025-06-11 04:42:00+00:00,22.0,27.0,Delayed
2025-06-16 02:35:00+00:00,Masala Uttapam,O7851,CREDIT CARD,1091.0,2025-06-16 03:11:00+00:00,2025-06-16 02:53:00+00:00,18.0,23.0,Cancelled
2025-06-15 00:32:00+00:00,Masal Dosa,O9317,UPI,1092.0,2025-06-15 01:13:00+00:00,2025-06-15 00:52:30+00:00,20.5,25.5,Cancelled
2025-06-10 16:24:00+00:00,Dal Rice,O10829,E-Wallet,1093.0,2025-06-10 17:12:00+00:00,2025-06-10 16:48:00+00:00,24.0,29.0,Delivered
2025-06-14 07:11:00+00:00,Masal Dosa,O10751,E-Wallet,1094.0,2025-06-14 07:58:00+00:00,2025-06-14 07:34:30+00:00,23.5,28.5,Cancelled
2025-06-07 17:25:00+00:00,Onion Poha,O10537,DEBIT CARD,1095.0,2025-06-07 18:04:00+00:00,2025-06-07 17:44:30+00:00,19.5,24.5,Cancelled
2025-06-05 20:57:00+00:00,Masala Uttapam,O7880,UPI,1096.0,2025-06-05 21:14:00+00:00,2025-06-05 21:05:30+00:00,8.5,13.5,Delayed
2025-06-07 02:02:00+00:00,Veg Pasta,O6560,COD,1097.0,2025-06-07 02:52:00+00:00,2025-06-07 02:27:00+00:00,25.0,30.0,Delivered
2025-06-09 08:46:00+00:00,Onion Poha,O9470,E-Wallet,1098.0,2025-06-09 09:19:00+00:00,2025-06-09 09:02:30+00:00,16.5,21.5,Delivered
2025-06-10 17:06:00+00:00,Veg Thali,O10709,E-Wallet,1099.0,2025-06-10 17:35:00+00:00,2025-06-10 17:20:30+00:00,14.5,19.5,Cancelled
2025-06-07 15:57:00+00:00,Onion Uttapam,O7680,COD,1100.0,2025-06-07 16:33:00+00:00,2025-06-07 16:15:00+00:00,18.0,23.0,Delayed
2025-06-06 15:55:00+00:00,Idli Sambar,O5901,CREDIT CARD,1101.0,2025-06-06 16:19:00+00:00,2025-06-06 16:07:00+00:00,12.0,17.0,Delivered
2025-06-02 14:48:00+00:00,"Burger, French Fries",O9537,UPI,1102.0,2025-06-02 15:32:00+00:00,2025-06-02 15:10:00+00:00,22.0,27.0,Delayed
2025-06-10 02:40:00+00:00,"Veg Pulao, Lemon Juice",O9859,NET BANKING,1103.0,2025-06-10 03:16:00+00:00,2025-06-10 02:58:00+00:00,18.0,23.0,Cancelled
2025-06-09 06:39:00+00:00,"Burger, Apple Milk Shake",O5664,UPI,1104.0,2025-06-09 07:25:00+00:00,2025-06-09 07:02:00+00:00,23.0,28.0,Delayed
2025-06-12 16:11:00+00:00,Veg Thali,O6266,CREDIT CARD,1105.0,2025-06-12 16:34:00+00:00,2025-06-12 16:22:30+00:00,11.5,16.5,Cancelled
2025-06-15 14:12:00+00:00,Masal Dosa,O10889,UPI,1106.0,2025-06-15 14:59:00+00:00,2025-06-15 14:35:30+00:00,23.5,28.5,Delivered
2025-06-03 05:28:00+00:00,Dal Khichidi,O7716,NET BANKING,1107.0,2025-06-03 06:01:00+00:00,2025-06-03 05:44:30+00:00,16.5,21.5,Delayed
2025-06-12 08:39:00+00:00,Sheera,O6219,CREDIT CARD,1108.0,2025-06-12 09:21:00+00:00,2025-06-12 09:00:00+00:00,21.0,26.0,Delivered
2025-06-14 06:15:00+00:00,Veg Thali,O6374,CREDIT CARD,1109.0,2025-06-14 07:04:00+00:00,2025-06-14 06:39:30+00:00,24.5,29.5,Delivered
2025-06-05 11:32:00+00:00,Idli Sambar,O10072,DEBIT CARD,1110.0,2025-06-05 12:10:00+00:00,2025-06-05 11:51:00+00:00,19.0,24.0,Delayed
2025-06-15 02:22:00+00:00,Masala Uttapam,O7667,CREDIT CARD,1111.0,2025-06-15 03:13:00+00:00,2025-06-15 02:47:30+00:00,25.5,30.5,Cancelled
2025-06-06 12:32:00+00:00,"Burger, French Fries",O9415,DEBIT CARD,1112.0,2025-06-06 13:17:00+00:00,2025-06-06 12:54:30+00:00,22.5,27.5,Delivered
2025-06-13 10:30:00+00:00,Upma,O8627,NET BANKING,1113.0,2025-06-13 11:16:00+00:00,2025-06-13 10:53:00+00:00,23.0,28.0,Delivered
2025-06-14 03:41:00+00:00,Onion Poha,O10247,DEBIT CARD,1114.0,2025-06-14 04:08:00+00:00,2025-06-14 03:54:30+00:00,13.5,18.5,Delivered
2025-06-09 17:08:00+00:00,Dal Khichidi,O5697,DEBIT CARD,1115.0,2025-06-09 17:36:00+00:00,2025-06-09 17:22:00+00:00,14.0,19.0,Delivered
2025-06-07 00:32:00+00:00,Veg Pulao,O5578,DEBIT CARD,1116.0,2025-06-07 00:47:00+00:00,2025-06-07 00:39:30+00:00,7.5,12.5,Cancelled
2025-06-12 05:12:00+00:00,Dal Rice,O6037,COD,1117.0,2025-06-12 05:59:00+00:00,2025-06-12 05:35:30+00:00,23.5,28.5,Cancelled
2025-06-04 17:40:00+00:00,Masala Uttapam,O6504,CREDIT CARD,1118.0,2025-06-04 18:22:00+00:00,2025-06-04 18:01:00+00:00,21.0,26.0,Cancelled
2025-06-07 06:22:00+00:00,Idli Sambar,O10599,E-Wallet,1119.0,2025-06-07 06:50:00+00:00,2025-06-07 06:36:00+00:00,14.0,19.0,Cancelled
2025-06-09 10:57:00+00:00,Onion Poha,O9297,DEBIT CARD,1120.0,2025-06-09 11:27:00+00:00,2025-06-09 11:12:00+00:00,15.0,20.0,Delivered
2025-06-07 04:40:00+00:00,Dal Rice,O6561,COD,1121.0,2025-06-07 05:23:00+00:00,2025-06-07 05:01:30+00:00,21.5,26.5,Cancelled
2025-06-08 09:52:00+00:00,Chapati Bhaji,O8894,DEBIT CARD,1122.0,2025-06-08 10:46:00+00:00,2025-06-08 10:19:00+00:00,27.0,32.0,Delayed
2025-06-12 05:03:00+00:00,"Veg Pulao, Lemon Juice",O7408,NET BANKING,1123.0,2025-06-12 05:48:00+00:00,2025-06-12 05:25:30+00:00,22.5,27.5,Delayed
2025-06-10 21:15:00+00:00,Masala Uttapam,O7610,E-Wallet,1124.0,2025-06-10 22:07:00+00:00,2025-06-10 21:41:00+00:00,26.0,31.0,Delayed
2025-06-03 04:54:00+00:00,Dal Khichidi,O7940,NET BANKING,1125.0,2025-06-03 05:25:00+00:00,2025-06-03 05:09:30+00:00,15.5,20.5,Cancelled
2025-06-06 21:22:00+00:00,Onion Poha,O8569,DEBIT CARD,1126.0,2025-06-06 21:53:00+00:00,2025-06-06 21:37:30+00:00,15.5,20.5,Cancelled
2025-06-11 06:57:00+00:00,Veg Thali,O6401,UPI,1127.0,2025-06-11 07:52:00+00:00,2025-06-11 07:24:30+00:00,27.5,32.5,Delivered
2025-06-03 23:30:00+00:00,"Veg Pulao, Lemon Juice",O6570,COD,1128.0,2025-06-04 00:06:00+00:00,2025-06-03 23:48:00+00:00,18.0,23.0,Cancelled
2025-06-09 06:40:00+00:00,Dal Khichidi,O9477,DEBIT CARD,1129.0,2025-06-09 07:28:00+00:00,2025-06-09 07:04:00+00:00,24.0,29.0,Cancelled
2025-06-08 02:43:00+00:00,Masal Dosa,O8655,CREDIT CARD,1130.0,2025-06-08 03:23:00+00:00,2025-06-08 03:03:00+00:00,20.0,25.0,Cancelled
2025-06-04 15:36:00+00:00,Sheera,O9781,UPI,1131.0,2025-06-04 16:20:00+00:00,2025-06-04 15:58:00+00:00,22.0,27.0,Delivered
2025-06-08 16:00:00+00:00,Masal Dosa,O8486,E-Wallet,1132.0,2025-06-08 16:25:00+00:00,2025-06-08 16:12:30+00:00,12.5,17.5,Cancelled
2025-06-03 04:05:00+00:00,Masala Uttapam,O9833,CREDIT CARD,1133.0,2025-06-03 04:42:00+00:00,2025-06-03 04:23:30+00:00,18.5,23.5,Cancelled
2025-06-04 04:12:00+00:00,Veg Thali,O6921,E-Wallet,1134.0,2025-06-04 04:52:00+00:00,2025-06-04 04:32:00+00:00,20.0,25.0,Cancelled
2025-06-01 11:28:00+00:00,Veg Pulao,O6525,COD,1135.0,2025-06-01 11:50:00+00:00,2025-06-01 11:39:00+00:00,11.0,16.0,Delivered
2025-06-10 19:25:00+00:00,Veg Pulao,O7575,COD,1136.0,2025-06-10 20:01:00+00:00,2025-06-10 19:43:00+00:00,18.0,23.0,Delivered
2025-06-15 21:32:00+00:00,Masala Uttapam,O5749,E-Wallet,1137.0,2025-06-15 22:27:00+00:00,2025-06-15 21:59:30+00:00,27.5,32.5,Delivered
2025-06-05 10:35:00+00:00,"Burger, Apple Milk Shake",O5726,COD,1138.0,2025-06-05 11:15:00+00:00,2025-06-05 10:55:00+00:00,20.0,25.0,Delivered
2025-06-06 06:51:00+00:00,Veg Pulao,O5256,CREDIT CARD,1139.0,2025-06-06 07:41:00+00:00,2025-06-06 07:16:00+00:00,25.0,30.0,Delivered
2025-06-03 19:24:00+00:00,Dal Rice,O6483,UPI,1140.0,2025-06-03 20:05:00+00:00,2025-06-03 19:44:30+00:00,20.5,25.5,Delayed
2025-06-04 18:08:00+00:00,"Burger, French Fries",O5988,NET BANKING,1141.0,2025-06-04 18:43:00+00:00,2025-06-04 18:25:30+00:00,17.5,22.5,Delayed
2025-06-09 19:53:00+00:00,Dal Rice Bhaji,O10973,UPI,1142.0,2025-06-09 20:29:00+00:00,2025-06-09 20:11:00+00:00,18.0,23.0,Delivered
2025-06-10 22:03:00+00:00,Onion Poha,O10758,CREDIT CARD,1143.0,2025-06-10 22:34:00+00:00,2025-06-10 22:18:30+00:00,15.5,20.5,Cancelled
2025-06-11 10:39:00+00:00,"Burger, French Fries",O5587,COD,1144.0,2025-06-11 11:17:00+00:00,2025-06-11 10:58:00+00:00,19.0,24.0,Delayed
2025-06-03 10:09:00+00:00,Veg Thali,O7335,CREDIT CARD,1145.0,2025-06-03 10:46:00+00:00,2025-06-03 10:27:30+00:00,18.5,23.5,Delivered
2025-06-09 04:47:00+00:00,Veg Pulao,O8794,DEBIT CARD,1146.0,2025-06-09 05:09:00+00:00,2025-06-09 04:58:00+00:00,11.0,16.0,Delayed
2025-06-02 05:39:00+00:00,Idli Sambar,O10507,NET BANKING,1147.0,2025-06-02 06:05:00+00:00,2025-06-02 05:52:00+00:00,13.0,18.0,Cancelled
2025-06-11 20:10:00+00:00,Chapati Bhaji,O8583,DEBIT CARD,1148.0,2025-06-11 20:48:00+00:00,2025-06-11 20:29:00+00:00,19.0,24.0,Delayed
2025-06-03 03:52:00+00:00,Medu Vada,O8263,COD,1149.0,2025-06-03 04:23:00+00:00,2025-06-03 04:07:30+00:00,15.5,20.5,Cancelled
2025-06-09 00:30:00+00:00,Upma,O5437,E-Wallet,1150.0,2025-06-09 01:20:00+00:00,2025-06-09 00:55:00+00:00,25.0,30.0,Delivered
2025-06-06 06:11:00+00:00,Dal Rice Bhaji,O6463,NET BANKING,1151.0,2025-06-06 06:53:00+00:00,2025-06-06 06:32:00+00:00,21.0,26.0,Cancelled
2025-06-10 16:55:00+00:00,"Burger, French Fries",O8162,DEBIT CARD,1152.0,2025-06-10 17:41:00+00:00,2025-06-10 17:18:00+00:00,23.0,28.0,Delayed
2025-06-09 04:34:00+00:00,"Veg Pulao, Lemon Juice",O7399,CREDIT CARD,1153.0,2025-06-09 05:21:00+00:00,2025-06-09 04:57:30+00:00,23.5,28.5,Delayed
2025-06-07 21:30:00+00:00,Onion Poha,O6498,COD,1154.0,2025-06-07 22:22:00+00:00,2025-06-07 21:56:00+00:00,26.0,31.0,Delivered
2025-06-12 12:41:00+00:00,Veg Thali,O9198,NET BANKING,1155.0,2025-06-12 13:03:00+00:00,2025-06-12 12:52:00+00:00,11.0,16.0,Cancelled
2025-06-08 09:28:00+00:00,"Burger, Apple Milk Shake",O8541,DEBIT CARD,1156.0,2025-06-08 10:16:00+00:00,2025-06-08 09:52:00+00:00,24.0,29.0,Delivered
2025-06-15 08:21:00+00:00,"Burger, French Fries",O8647,NET BANKING,1157.0,2025-06-15 09:10:00+00:00,2025-06-15 08:45:30+00:00,24.5,29.5,Delivered
2025-06-12 10:26:00+00:00,Masal Dosa,O10811,UPI,1158.0,2025-06-12 11:13:00+00:00,2025-06-12 10:49:30+00:00,23.5,28.5,Delayed
2025-06-03 22:37:00+00:00,Veg Thali,O10822,NET BANKING,1159.0,2025-06-03 23:20:00+00:00,2025-06-03 22:58:30+00:00,21.5,26.5,Delayed
2025-06-07 14:36:00+00:00,Idli Sambar,O9388,NET BANKING,1160.0,2025-06-07 15:06:00+00:00,2025-06-07 14:51:00+00:00,15.0,20.0,Delivered
2025-06-05 19:39:00+00:00,"Burger, French Fries",O6644,UPI,1161.0,2025-06-05 20:04:00+00:00,2025-06-05 19:51:30+00:00,12.5,17.5,Cancelled
2025-06-09 01:43:00+00:00,Medu Vada,O5398,UPI,1162.0,2025-06-09 02:15:00+00:00,2025-06-09 01:59:00+00:00,16.0,21.0,Delayed
2025-06-04 19:00:00+00:00,Upma,O6559,COD,1163.0,2025-06-04 19:30:00+00:00,2025-06-04 19:15:00+00:00,15.0,20.0,Cancelled
2025-06-06 04:28:00+00:00,Veg Pulao,O6976,DEBIT CARD,1164.0,2025-06-06 05:14:00+00:00,2025-06-06 04:51:00+00:00,23.0,28.0,Delivered
2025-06-10 12:54:00+00:00,Onion Uttapam,O7411,UPI,1165.0,2025-06-10 13:28:00+00:00,2025-06-10 13:11:00+00:00,17.0,22.0,Delivered
2025-06-14 12:07:00+00:00,Idli Sambar,O9993,NET BANKING,1166.0,2025-06-14 12:42:00+00:00,2025-06-14 12:24:30+00:00,17.5,22.5,Cancelled
2025-06-15 10:01:00+00:00,Masala Uttapam,O8143,E-Wallet,1167.0,2025-06-15 10:54:00+00:00,2025-06-15 10:27:30+00:00,26.5,31.5,Delivered
2025-06-12 21:49:00+00:00,Onion Poha,O9674,UPI,1168.0,2025-06-12 22:26:00+00:00,2025-06-12 22:07:30+00:00,18.5,23.5,Cancelled
2025-06-09 19:56:00+00:00,"Burger, Apple Milk Shake",O7700,E-Wallet,1169.0,2025-06-09 20:41:00+00:00,2025-06-09 20:18:30+00:00,22.5,27.5,Delayed
2025-06-08 17:33:00+00:00,Upma,O8716,CREDIT CARD,1170.0,2025-06-08 18:01:00+00:00,2025-06-08 17:47:00+00:00,14.0,19.0,Delayed
2025-06-08 20:30:00+00:00,Masal Dosa,O6441,DEBIT CARD,1171.0,2025-06-08 21:15:00+00:00,2025-06-08 20:52:30+00:00,22.5,27.5,Cancelled
2025-06-11 10:26:00+00:00,Masala Uttapam,O9248,COD,1172.0,2025-06-11 11:03:00+00:00,2025-06-11 10:44:30+00:00,18.5,23.5,Cancelled
2025-06-13 16:40:00+00:00,Veg Thali,O8128,NET BANKING,1173.0,2025-06-13 17:12:00+00:00,2025-06-13 16:56:00+00:00,16.0,21.0,Delivered
2025-06-03 05:34:00+00:00,Veg Pulao,O10971,UPI,1174.0,2025-06-03 06:23:00+00:00,2025-06-03 05:58:30+00:00,24.5,29.5,Delivered
2025-06-04 11:44:00+00:00,Veg Pulao,O5601,DEBIT CARD,1175.0,2025-06-04 12:19:00+00:00,2025-06-04 12:01:30+00:00,17.5,22.5,Delivered
2025-06-07 13:48:00+00:00,Onion Uttapam,O5198,UPI,1176.0,2025-06-07 14:16:00+00:00,2025-06-07 14:02:00+00:00,14.0,19.0,Delivered
2025-06-16 07:37:00+00:00,Veg Thali,O9420,UPI,1177.0,2025-06-16 08:34:00+00:00,2025-06-16 08:05:30+00:00,28.5,33.5,Cancelled
2025-06-14 20:39:00+00:00,Veg Pasta,O5562,E-Wallet,1178.0,2025-06-14 21:12:00+00:00,2025-06-14 20:55:30+00:00,16.5,21.5,Cancelled
2025-06-11 18:16:00+00:00,Onion Uttapam,O9278,E-Wallet,1179.0,2025-06-11 19:01:00+00:00,2025-06-11 18:38:30+00:00,22.5,27.5,Delayed
2025-06-09 09:49:00+00:00,Medu Vada,O10208,COD,1180.0,2025-06-09 10:14:00+00:00,2025-06-09 10:01:30+00:00,12.5,17.5,Delayed
2025-06-04 19:54:00+00:00,Veg Pulao,O9221,UPI,1181.0,2025-06-04 20:25:00+00:00,2025-06-04 20:09:30+00:00,15.5,20.5,Delayed
2025-06-10 16:09:00+00:00,Upma,O6974,NET BANKING,1182.0,2025-06-10 16:46:00+00:00,2025-06-10 16:27:30+00:00,18.5,23.5,Delayed
2025-06-11 14:53:00+00:00,Veg Thali,O9439,DEBIT CARD,1183.0,2025-06-11 15:46:00+00:00,2025-06-11 15:19:30+00:00,26.5,31.5,Delayed
2025-06-03 05:23:00+00:00,Masala Uttapam,O10231,NET BANKING,1184.0,2025-06-03 05:55:00+00:00,2025-06-03 05:39:00+00:00,16.0,21.0,Delayed
2025-06-09 08:38:00+00:00,Masal Dosa,O10960,DEBIT CARD,1185.0,2025-06-09 09:01:00+00:00,2025-06-09 08:49:30+00:00,11.5,16.5,Delayed
2025-06-11 21:59:00+00:00,"Burger, French Fries",O5797,E-Wallet,1186.0,2025-06-11 22:31:00+00:00,2025-06-11 22:15:00+00:00,16.0,21.0,Delivered
2025-06-03 11:42:00+00:00,Chapati Bhaji,O7282,NET BANKING,1187.0,2025-06-03 12:26:00+00:00,2025-06-03 12:04:00+00:00,22.0,27.0,Delivered
2025-06-15 01:47:00+00:00,Dal Khichidi,O8582,CREDIT CARD,1188.0,2025-06-15 02:25:00+00:00,2025-06-15 02:06:00+00:00,19.0,24.0,Cancelled
2025-06-07 12:01:00+00:00,Veg Pulao,O10168,UPI,1189.0,2025-06-07 12:37:00+00:00,2025-06-07 12:19:00+00:00,18.0,23.0,Delivered
2025-06-11 23:35:00+00:00,Sheera,O7504,DEBIT CARD,1190.0,2025-06-12 00:18:00+00:00,2025-06-11 23:56:30+00:00,21.5,26.5,Delivered
2025-06-03 10:10:00+00:00,Veg Thali,O10990,CREDIT CARD,1191.0,2025-06-03 10:46:00+00:00,2025-06-03 10:28:00+00:00,18.0,23.0,Cancelled
2025-06-14 12:39:00+00:00,Upma,O6390,COD,1192.0,2025-06-14 13:22:00+00:00,2025-06-14 13:00:30+00:00,21.5,26.5,Cancelled
2025-06-14 03:25:00+00:00,Dal Khichidi,O10720,NET BANKING,1193.0,2025-06-14 04:07:00+00:00,2025-06-14 03:46:00+00:00,21.0,26.0,Delayed
2025-06-02 03:30:00+00:00,Masal Dosa,O5211,E-Wallet,1194.0,2025-06-02 04:07:00+00:00,2025-06-02 03:48:30+00:00,18.5,23.5,Delivered
2025-06-06 22:14:00+00:00,Dal Rice Bhaji,O6580,E-Wallet,1195.0,2025-06-06 22:50:00+00:00,2025-06-06 22:32:00+00:00,18.0,23.0,Cancelled
2025-06-08 05:45:00+00:00,Masala Uttapam,O10981,CREDIT CARD,1196.0,2025-06-08 06:25:00+00:00,2025-06-08 06:05:00+00:00,20.0,25.0,Delayed
2025-06-09 16:33:00+00:00,Idli Sambar,O5057,CREDIT CARD,1197.0,2025-06-09 17:03:00+00:00,2025-06-09 16:48:00+00:00,15.0,20.0,Delivered
2025-06-06 16:45:00+00:00,Veg Pulao,O9963,UPI,1198.0,2025-06-06 17:16:00+00:00,2025-06-06 17:00:30+00:00,15.5,20.5,Delayed
2025-06-13 16:59:00+00:00,Chapati Bhaji,O8283,NET BANKING,1199.0,2025-06-13 17:43:00+00:00,2025-06-13 17:21:00+00:00,22.0,27.0,Cancelled
2025-06-07 07:23:00+00:00,Masala Uttapam,O10133,DEBIT CARD,1200.0,2025-06-07 08:03:00+00:00,2025-06-07 07:43:00+00:00,20.0,25.0,Delayed
2025-06-03 14:59:00+00:00,Veg Pulao,O7084,COD,1201.0,2025-06-03 15:39:00+00:00,2025-06-03 15:19:00+00:00,20.0,25.0,Cancelled
2025-06-12 12:19:00+00:00,Dal Rice,O5136,COD,1202.0,2025-06-12 13:00:00+00:00,2025-06-12 12:39:30+00:00,20.5,25.5,Delayed
2025-06-03 18:31:00+00:00,"Veg Pulao, Lemon Juice",O7264,CREDIT CARD,1203.0,2025-06-03 18:53:00+00:00,2025-06-03 18:42:00+00:00,11.0,16.0,Cancelled
2025-06-04 15:40:00+00:00,Onion Uttapam,O9259,E-Wallet,1204.0,2025-06-04 16:18:00+00:00,2025-06-04 15:59:00+00:00,19.0,24.0,Delayed
2025-06-13 02:41:00+00:00,Dal Khichidi,O7988,COD,1205.0,2025-06-13 03:37:00+00:00,2025-06-13 03:09:00+00:00,28.0,33.0,Delayed
2025-06-01 19:39:00+00:00,"Burger, Apple Milk Shake",O7342,NET BANKING,1206.0,2025-06-01 20:20:00+00:00,2025-06-01 19:59:30+00:00,20.5,25.5,Delayed
2025-06-14 01:29:00+00:00,Sheera,O6742,UPI,1207.0,2025-06-14 02:03:00+00:00,2025-06-14 01:46:00+00:00,17.0,22.0,Delivered
2025-06-01 15:04:00+00:00,Masala Uttapam,O7888,UPI,1208.0,2025-06-01 15:41:00+00:00,2025-06-01 15:22:30+00:00,18.5,23.5,Delivered
2025-06-04 22:16:00+00:00,Masala Uttapam,O8775,UPI,1209.0,2025-06-04 23:01:00+00:00,2025-06-04 22:38:30+00:00,22.5,27.5,Delayed
2025-06-06 09:17:00+00:00,Veg Pulao,O10445,COD,1210.0,2025-06-06 10:03:00+00:00,2025-06-06 09:40:00+00:00,23.0,28.0,Delivered
2025-06-05 00:45:00+00:00,Onion Poha,O8524,UPI,1211.0,2025-06-05 01:19:00+00:00,2025-06-05 01:02:00+00:00,17.0,22.0,Cancelled
2025-06-15 19:28:00+00:00,Veg Pulao,O9779,CREDIT CARD,1212.0,2025-06-15 20:06:00+00:00,2025-06-15 19:47:00+00:00,19.0,24.0,Cancelled
2025-06-13 07:07:00+00:00,Veg Thali,O10969,DEBIT CARD,1213.0,2025-06-13 07:39:00+00:00,2025-06-13 07:23:00+00:00,16.0,21.0,Cancelled
2025-06-10 16:45:00+00:00,Upma,O9748,E-Wallet,1214.0,2025-06-10 17:16:00+00:00,2025-06-10 17:00:30+00:00,15.5,20.5,Cancelled
2025-06-05 14:10:00+00:00,"Burger, French Fries",O8325,DEBIT CARD,1215.0,2025-06-05 14:58:00+00:00,2025-06-05 14:34:00+00:00,24.0,29.0,Delayed
2025-06-08 04:36:00+00:00,Dal Rice Bhaji,O10589,E-Wallet,1216.0,2025-06-08 05:18:00+00:00,2025-06-08 04:57:00+00:00,21.0,26.0,Delivered
2025-06-03 11:57:00+00:00,Onion Poha,O8771,NET BANKING,1217.0,2025-06-03 12:38:00+00:00,2025-06-03 12:17:30+00:00,20.5,25.5,Delivered
2025-06-09 02:05:00+00:00,Onion Uttapam,O9678,COD,1218.0,2025-06-09 02:55:00+00:00,2025-06-09 02:30:00+00:00,25.0,30.0,Delayed
2025-06-02 22:25:00+00:00,"Burger, Apple Milk Shake",O8838,COD,1219.0,2025-06-02 22:54:00+00:00,2025-06-02 22:39:30+00:00,14.5,19.5,Cancelled
2025-06-03 15:52:00+00:00,"Burger, French Fries",O9797,CREDIT CARD,1220.0,2025-06-03 16:22:00+00:00,2025-06-03 16:07:00+00:00,15.0,20.0,Cancelled
2025-06-02 20:44:00+00:00,"Veg Pulao, Lemon Juice",O10721,DEBIT CARD,1221.0,2025-06-02 21:32:00+00:00,2025-06-02 21:08:00+00:00,24.0,29.0,Delayed
2025-06-02 23:53:00+00:00,Sheera,O9240,COD,1222.0,2025-06-03 00:33:00+00:00,2025-06-03 00:13:00+00:00,20.0,25.0,Delivered
2025-06-04 23:37:00+00:00,Dal Rice Bhaji,O10217,CREDIT CARD,1223.0,2025-06-05 00:07:00+00:00,2025-06-04 23:52:00+00:00,15.0,20.0,Cancelled
2025-06-11 04:14:00+00:00,Veg Thali,O6176,CREDIT CARD,1224.0,2025-06-11 05:00:00+00:00,2025-06-11 04:37:00+00:00,23.0,28.0,Cancelled
2025-06-01 12:53:00+00:00,Chapati Bhaji,O9475,E-Wallet,1225.0,2025-06-01 13:34:00+00:00,2025-06-01 13:13:30+00:00,20.5,25.5,Delayed
2025-06-08 05:48:00+00:00,Sheera,O7710,NET BANKING,1226.0,2025-06-08 06:34:00+00:00,2025-06-08 06:11:00+00:00,23.0,28.0,Delayed
2025-06-14 19:18:00+00:00,Onion Poha,O7538,CREDIT CARD,1227.0,2025-06-14 19:38:00+00:00,2025-06-14 19:28:00+00:00,10.0,15.0,Cancelled
2025-06-08 08:36:00+00:00,Veg Pulao,O9809,NET BANKING,1228.0,2025-06-08 09:08:00+00:00,2025-06-08 08:52:00+00:00,16.0,21.0,Delayed
2025-06-04 01:07:00+00:00,Dal Rice Bhaji,O5622,NET BANKING,1229.0,2025-06-04 01:50:00+00:00,2025-06-04 01:28:30+00:00,21.5,26.5,Delivered
2025-06-14 19:19:00+00:00,Dal Rice Bhaji,O7884,E-Wallet,1230.0,2025-06-14 20:06:00+00:00,2025-06-14 19:42:30+00:00,23.5,28.5,Cancelled
2025-06-10 09:36:00+00:00,Dal Rice Bhaji,O9616,UPI,1231.0,2025-06-10 10:17:00+00:00,2025-06-10 09:56:30+00:00,20.5,25.5,Delivered
2025-06-14 02:55:00+00:00,"Veg Pulao, Lemon Juice",O9756,COD,1232.0,2025-06-14 03:26:00+00:00,2025-06-14 03:10:30+00:00,15.5,20.5,Delivered
2025-06-10 09:12:00+00:00,Dal Khichidi,O6881,DEBIT CARD,1233.0,2025-06-10 09:57:00+00:00,2025-06-10 09:34:30+00:00,22.5,27.5,Cancelled
2025-06-09 19:09:00+00:00,Veg Thali,O5336,CREDIT CARD,1234.0,2025-06-09 19:40:00+00:00,2025-06-09 19:24:30+00:00,15.5,20.5,Cancelled
2025-06-09 17:26:00+00:00,Onion Poha,O6181,NET BANKING,1235.0,2025-06-09 18:02:00+00:00,2025-06-09 17:44:00+00:00,18.0,23.0,Delivered
2025-06-08 21:22:00+00:00,Veg Pasta,O10890,CREDIT CARD,1236.0,2025-06-08 22:12:00+00:00,2025-06-08 21:47:00+00:00,25.0,30.0,Delayed
2025-06-11 07:48:00+00:00,Onion Poha,O6884,CREDIT CARD,1237.0,2025-06-11 08:31:00+00:00,2025-06-11 08:09:30+00:00,21.5,26.5,Delayed
2025-06-07 22:52:00+00:00,Medu Vada,O8387,E-Wallet,1238.0,2025-06-07 23:37:00+00:00,2025-06-07 23:14:30+00:00,22.5,27.5,Delayed
2025-06-10 09:35:00+00:00,Dal Rice,O8251,CREDIT CARD,1239.0,2025-06-10 10:11:00+00:00,2025-06-10 09:53:00+00:00,18.0,23.0,Delivered
2025-06-15 05:03:00+00:00,Veg Pulao,O8218,E-Wallet,1240.0,2025-06-15 05:35:00+00:00,2025-06-15 05:19:00+00:00,16.0,21.0,Delivered
2025-06-06 02:19:00+00:00,Veg Thali,O8151,E-Wallet,1241.0,2025-06-06 03:02:00+00:00,2025-06-06 02:40:30+00:00,21.5,26.5,Delayed
2025-06-12 11:44:00+00:00,Medu Vada,O7471,CREDIT CARD,1242.0,2025-06-12 12:27:00+00:00,2025-06-12 12:05:30+00:00,21.5,26.5,Delivered
2025-06-03 16:51:00+00:00,Idli Sambar,O5224,DEBIT CARD,1243.0,2025-06-03 17:36:00+00:00,2025-06-03 17:13:30+00:00,22.5,27.5,Delivered
2025-06-08 21:43:00+00:00,Onion Uttapam,O5063,CREDIT CARD,1244.0,2025-06-08 22:30:00+00:00,2025-06-08 22:06:30+00:00,23.5,28.5,Cancelled
2025-06-03 07:31:00+00:00,Idli Sambar,O9818,UPI,1245.0,2025-06-03 08:30:00+00:00,2025-06-03 08:00:30+00:00,29.5,34.5,Delayed
2025-06-09 07:17:00+00:00,"Burger, Apple Milk Shake",O6565,DEBIT CARD,1246.0,2025-06-09 08:06:00+00:00,2025-06-09 07:41:30+00:00,24.5,29.5,Cancelled
2025-06-06 14:59:00+00:00,Masala Uttapam,O6778,COD,1247.0,2025-06-06 15:26:00+00:00,2025-06-06 15:12:30+00:00,13.5,18.5,Delivered
2025-06-09 03:06:00+00:00,Dal Rice,O9897,COD,1248.0,2025-06-09 03:47:00+00:00,2025-06-09 03:26:30+00:00,20.5,25.5,Delivered
2025-06-10 23:53:00+00:00,Medu Vada,O6138,NET BANKING,1249.0,2025-06-11 00:36:00+00:00,2025-06-11 00:14:30+00:00,21.5,26.5,Cancelled
2025-06-12 03:07:00+00:00,Veg Pasta,O8042,DEBIT CARD,1250.0,2025-06-12 03:27:00+00:00,2025-06-12 03:17:00+00:00,10.0,15.0,Delivered
2025-06-10 03:53:00+00:00,"Burger, Apple Milk Shake",O7274,E-Wallet,1251.0,2025-06-10 04:19:00+00:00,2025-06-10 04:06:00+00:00,13.0,18.0,Delivered
2025-06-07 18:24:00+00:00,Upma,O7749,UPI,1252.0,2025-06-07 18:56:00+00:00,2025-06-07 18:40:00+00:00,16.0,21.0,Delayed
2025-06-05 06:49:00+00:00,Veg Thali,O7499,NET BANKING,1253.0,2025-06-05 07:15:00+00:00,2025-06-05 07:02:00+00:00,13.0,18.0,Delayed
2025-06-11 20:07:00+00:00,Chapati Bhaji,O10421,DEBIT CARD,1254.0,2025-06-11 20:59:00+00:00,2025-06-11 20:33:00+00:00,26.0,31.0,Delayed
2025-06-10 21:39:00+00:00,Chapati Bhaji,O9576,COD,1255.0,2025-06-10 22:17:00+00:00,2025-06-10 21:58:00+00:00,19.0,24.0,Delayed
2025-06-14 02:35:00+00:00,Onion Poha,O6814,E-Wallet,1256.0,2025-06-14 03:21:00+00:00,2025-06-14 02:58:00+00:00,23.0,28.0,Delivered
2025-06-07 02:32:00+00:00,Sheera,O7055,UPI,1257.0,2025-06-07 02:57:00+00:00,2025-06-07 02:44:30+00:00,12.5,17.5,Delivered
2025-06-16 01:19:00+00:00,Dal Rice,O8317,COD,1258.0,2025-06-16 01:58:00+00:00,2025-06-16 01:38:30+00:00,19.5,24.5,Cancelled
2025-06-14 06:57:00+00:00,Veg Pasta,O8846,CREDIT CARD,1259.0,2025-06-14 07:40:00+00:00,2025-06-14 07:18:30+00:00,21.5,26.5,Delayed
2025-06-08 11:00:00+00:00,Dal Khichidi,O10259,E-Wallet,1260.0,2025-06-08 11:22:00+00:00,2025-06-08 11:11:00+00:00,11.0,16.0,Cancelled
2025-06-14 09:01:00+00:00,Onion Poha,O10853,CREDIT CARD,1261.0,2025-06-14 09:38:00+00:00,2025-06-14 09:19:30+00:00,18.5,23.5,Delivered
2025-06-06 15:02:00+00:00,Onion Poha,O6668,NET BANKING,1262.0,2025-06-06 15:34:00+00:00,2025-06-06 15:18:00+00:00,16.0,21.0,Delayed
2025-06-07 03:55:00+00:00,Veg Thali,O10614,DEBIT CARD,1263.0,2025-06-07 04:35:00+00:00,2025-06-07 04:15:00+00:00,20.0,25.0,Delivered
2025-06-04 08:54:00+00:00,Masala Uttapam,O5987,COD,1264.0,2025-06-04 09:44:00+00:00,2025-06-04 09:19:00+00:00,25.0,30.0,Delivered
2025-06-11 22:25:00+00:00,Masal Dosa,O10892,NET BANKING,1265.0,2025-06-11 22:55:00+00:00,2025-06-11 22:40:00+00:00,15.0,20.0,Delivered
2025-06-10 05:35:00+00:00,Dal Rice,O8504,COD,1266.0,2025-06-10 05:59:00+00:00,2025-06-10 05:47:00+00:00,12.0,17.0,Delivered
2025-06-12 14:10:00+00:00,"Burger, Apple Milk Shake",O6489,E-Wallet,1267.0,2025-06-12 14:35:00+00:00,2025-06-12 14:22:30+00:00,12.5,17.5,Delivered
2025-06-15 22:32:00+00:00,Sheera,O6211,UPI,1268.0,2025-06-15 23:31:00+00:00,2025-06-15 23:01:30+00:00,29.5,34.5,Delivered
2025-06-02 13:38:00+00:00,Sheera,O10618,DEBIT CARD,1269.0,2025-06-02 14:33:00+00:00,2025-06-02 14:05:30+00:00,27.5,32.5,Delayed
2025-06-08 19:28:00+00:00,Sheera,O6391,NET BANKING,1270.0,2025-06-08 20:25:00+00:00,2025-06-08 19:56:30+00:00,28.5,33.5,Delayed
2025-06-09 14:19:00+00:00,"Veg Pulao, Lemon Juice",O10714,DEBIT CARD,1271.0,2025-06-09 15:02:00+00:00,2025-06-09 14:40:30+00:00,21.5,26.5,Delayed
2025-06-13 22:00:00+00:00,Chapati Bhaji,O5503,E-Wallet,1272.0,2025-06-13 22:23:00+00:00,2025-06-13 22:11:30+00:00,11.5,16.5,Delayed
2025-06-06 00:51:00+00:00,Sheera,O8874,COD,1273.0,2025-06-06 01:46:00+00:00,2025-06-06 01:18:30+00:00,27.5,32.5,Delivered
2025-06-16 01:41:00+00:00,"Veg Pulao, Lemon Juice",O7466,DEBIT CARD,1274.0,2025-06-16 02:14:00+00:00,2025-06-16 01:57:30+00:00,16.5,21.5,Delivered
2025-06-05 10:19:00+00:00,"Veg Pulao, Lemon Juice",O6365,DEBIT CARD,1275.0,2025-06-05 10:51:00+00:00,2025-06-05 10:35:00+00:00,16.0,21.0,Cancelled
2025-06-13 19:21:00+00:00,Chapati Bhaji,O9556,CREDIT CARD,1276.0,2025-06-13 19:45:00+00:00,2025-06-13 19:33:00+00:00,12.0,17.0,Delivered
2025-06-06 20:11:00+00:00,"Burger, French Fries",O8885,NET BANKING,1277.0,2025-06-06 20:41:00+00:00,2025-06-06 20:26:00+00:00,15.0,20.0,Cancelled
2025-06-09 23:14:00+00:00,Dal Khichidi,O9394,E-Wallet,1278.0,2025-06-09 23:34:00+00:00,2025-06-09 23:24:00+00:00,10.0,15.0,Delivered
2025-06-02 04:37:00+00:00,Medu Vada,O7142,COD,1279.0,2025-06-02 05:23:00+00:00,2025-06-02 05:00:00+00:00,23.0,28.0,Cancelled
2025-06-05 22:52:00+00:00,Idli Sambar,O6137,DEBIT CARD,1280.0,2025-06-05 23:45:00+00:00,2025-06-05 23:18:30+00:00,26.5,31.5,Cancelled
2025-06-14 10:08:00+00:00,Veg Pulao,O10136,COD,1281.0,2025-06-14 10:45:00+00:00,2025-06-14 10:26:30+00:00,18.5,23.5,Delivered
2025-06-14 15:36:00+00:00,"Burger, Apple Milk Shake",O5869,COD,1282.0,2025-06-14 16:18:00+00:00,2025-06-14 15:57:00+00:00,21.0,26.0,Cancelled
2025-06-11 05:16:00+00:00,Idli Sambar,O6819,E-Wallet,1283.0,2025-06-11 06:04:00+00:00,2025-06-11 05:40:00+00:00,24.0,29.0,Delayed
2025-06-01 12:55:00+00:00,Veg Pulao,O7273,DEBIT CARD,1284.0,2025-06-01 13:19:00+00:00,2025-06-01 13:07:00+00:00,12.0,17.0,Delayed
2025-06-10 06:26:00+00:00,Veg Pulao,O10215,DEBIT CARD,1285.0,2025-06-10 07:16:00+00:00,2025-06-10 06:51:00+00:00,25.0,30.0,Delayed
2025-06-02 17:18:00+00:00,Dal Rice Bhaji,O7769,DEBIT CARD,1286.0,2025-06-02 17:58:00+00:00,2025-06-02 17:38:00+00:00,20.0,25.0,Cancelled
2025-06-12 18:13:00+00:00,Chapati Bhaji,O6087,NET BANKING,1287.0,2025-06-12 18:51:00+00:00,2025-06-12 18:32:00+00:00,19.0,24.0,Delayed
2025-06-15 16:52:00+00:00,Dal Rice,O8242,NET BANKING,1288.0,2025-06-15 17:36:00+00:00,2025-06-15 17:14:00+00:00,22.0,27.0,Cancelled
2025-06-11 05:40:00+00:00,Idli Sambar,O6451,DEBIT CARD,1289.0,2025-06-11 06:13:00+00:00,2025-06-11 05:56:30+00:00,16.5,21.5,Cancelled
2025-06-03 17:34:00+00:00,Masal Dosa,O10108,NET BANKING,1290.0,2025-06-03 18:19:00+00:00,2025-06-03 17:56:30+00:00,22.5,27.5,Delayed
2025-06-10 01:04:00+00:00,Dal Rice,O8385,UPI,1291.0,2025-06-10 01:40:00+00:00,2025-06-10 01:22:00+00:00,18.0,23.0,Cancelled
2025-06-11 20:37:00+00:00,"Veg Pulao, Lemon Juice",O10984,CREDIT CARD,1292.0,2025-06-11 21:10:00+00:00,2025-06-11 20:53:30+00:00,16.5,21.5,Delayed
2025-06-13 03:11:00+00:00,"Veg Pulao, Lemon Juice",O5798,COD,1293.0,2025-06-13 04:02:00+00:00,2025-06-13 03:36:30+00:00,25.5,30.5,Cancelled
2025-06-05 16:11:00+00:00,Dal Khichidi,O8327,UPI,1294.0,2025-06-05 16:34:00+00:00,2025-06-05 16:22:30+00:00,11.5,16.5,Delivered
2025-06-13 06:06:00+00:00,Veg Pulao,O10386,COD,1295.0,2025-06-13 06:54:00+00:00,2025-06-13 06:30:00+00:00,24.0,29.0,Delayed
2025-06-09 17:04:00+00:00,Medu Vada,O5447,E-Wallet,1296.0,2025-06-09 17:26:00+00:00,2025-06-09 17:15:00+00:00,11.0,16.0,Delivered
2025-06-09 16:39:00+00:00,Masala Uttapam,O10757,UPI,1297.0,2025-06-09 17:21:00+00:00,2025-06-09 17:00:00+00:00,21.0,26.0,Delivered
2025-06-06 13:23:00+00:00,Idli Sambar,O9169,UPI,1298.0,2025-06-06 14:11:00+00:00,2025-06-06 13:47:00+00:00,24.0,29.0,Delivered
2025-06-16 08:59:00+00:00,Onion Uttapam,O9518,DEBIT CARD,1299.0,2025-06-16 09:22:00+00:00,2025-06-16 09:10:30+00:00,11.5,16.5,Cancelled
2025-06-06 09:03:00+00:00,"Veg Pulao, Lemon Juice",O10678,DEBIT CARD,1300.0,2025-06-06 09:25:00+00:00,2025-06-06 09:14:00+00:00,11.0,16.0,Cancelled
2025-06-08 13:55:00+00:00,Veg Pasta,O10478,DEBIT CARD,1301.0,2025-06-08 14:32:00+00:00,2025-06-08 14:13:30+00:00,18.5,23.5,Delayed
2025-06-08 17:09:00+00:00,Onion Poha,O7350,CREDIT CARD,1302.0,2025-06-08 17:37:00+00:00,2025-06-08 17:23:00+00:00,14.0,19.0,Cancelled
2025-06-09 14:35:00+00:00,Dal Rice Bhaji,O6500,COD,1303.0,2025-06-09 15:07:00+00:00,2025-06-09 14:51:00+00:00,16.0,21.0,Cancelled
2025-06-12 06:11:00+00:00,Veg Pulao,O7111,E-Wallet,1304.0,2025-06-12 06:39:00+00:00,2025-06-12 06:25:00+00:00,14.0,19.0,Delivered
2025-06-14 02:42:00+00:00,Masal Dosa,O9293,DEBIT CARD,1305.0,2025-06-14 03:05:00+00:00,2025-06-14 02:53:30+00:00,11.5,16.5,Cancelled
2025-06-14 17:48:00+00:00,Veg Pulao,O10324,NET BANKING,1306.0,2025-06-14 18:17:00+00:00,2025-06-14 18:02:30+00:00,14.5,19.5,Delayed
2025-06-03 08:18:00+00:00,Idli Sambar,O6987,CREDIT CARD,1307.0,2025-06-03 09:00:00+00:00,2025-06-03 08:39:00+00:00,21.0,26.0,Delayed
2025-06-14 00:04:00+00:00,Veg Pasta,O6628,E-Wallet,1308.0,2025-06-14 00:46:00+00:00,2025-06-14 00:25:00+00:00,21.0,26.0,Cancelled
2025-06-10 01:28:00+00:00,"Burger, Apple Milk Shake",O7793,E-Wallet,1309.0,2025-06-10 02:24:00+00:00,2025-06-10 01:56:00+00:00,28.0,33.0,Delivered
2025-06-09 05:11:00+00:00,Sheera,O10202,DEBIT CARD,1310.0,2025-06-09 05:53:00+00:00,2025-06-09 05:32:00+00:00,21.0,26.0,Cancelled
2025-06-09 15:54:00+00:00,Masala Uttapam,O10106,UPI,1311.0,2025-06-09 16:09:00+00:00,2025-06-09 16:01:30+00:00,7.5,12.5,Cancelled
2025-06-06 10:48:00+00:00,Chapati Bhaji,O9330,UPI,1312.0,2025-06-06 11:19:00+00:00,2025-06-06 11:03:30+00:00,15.5,20.5,Cancelled
2025-06-07 10:47:00+00:00,Medu Vada,O10975,CREDIT CARD,1313.0,2025-06-07 11:18:00+00:00,2025-06-07 11:02:30+00:00,15.5,20.5,Delayed
2025-06-08 13:39:00+00:00,Idli Sambar,O5898,NET BANKING,1314.0,2025-06-08 14:24:00+00:00,2025-06-08 14:01:30+00:00,22.5,27.5,Delivered
2025-06-08 22:14:00+00:00,Masala Uttapam,O9787,COD,1315.0,2025-06-08 22:47:00+00:00,2025-06-08 22:30:30+00:00,16.5,21.5,Cancelled
2025-06-11 06:03:00+00:00,Veg Thali,O7576,E-Wallet,1316.0,2025-06-11 06:47:00+00:00,2025-06-11 06:25:00+00:00,22.0,27.0,Delayed
2025-06-07 17:54:00+00:00,Veg Thali,O9178,E-Wallet,1317.0,2025-06-07 18:43:00+00:00,2025-06-07 18:18:30+00:00,24.5,29.5,Delivered
2025-06-06 21:11:00+00:00,Onion Poha,O9304,E-Wallet,1318.0,2025-06-06 21:41:00+00:00,2025-06-06 21:26:00+00:00,15.0,20.0,Delivered
2025-06-13 22:41:00+00:00,Dal Rice,O6152,DEBIT CARD,1319.0,2025-06-13 23:23:00+00:00,2025-06-13 23:02:00+00:00,21.0,26.0,Delayed
2025-06-12 18:11:00+00:00,Dal Rice,O10907,CREDIT CARD,1320.0,2025-06-12 18:47:00+00:00,2025-06-12 18:29:00+00:00,18.0,23.0,Cancelled
2025-06-09 13:13:00+00:00,Veg Pulao,O8821,CREDIT CARD,1321.0,2025-06-09 13:51:00+00:00,2025-06-09 13:32:00+00:00,19.0,24.0,Delayed
2025-06-07 06:03:00+00:00,Upma,O10128,E-Wallet,1322.0,2025-06-07 06:32:00+00:00,2025-06-07 06:17:30+00:00,14.5,19.5,Delivered
2025-06-12 01:18:00+00:00,Chapati Bhaji,O6558,NET BANKING,1323.0,2025-06-12 01:55:00+00:00,2025-06-12 01:36:30+00:00,18.5,23.5,Delivered
2025-06-05 13:53:00+00:00,Sheera,O5166,E-Wallet,1324.0,2025-06-05 14:29:00+00:00,2025-06-05 14:11:00+00:00,18.0,23.0,Cancelled
2025-06-04 03:58:00+00:00,Upma,O9900,CREDIT CARD,1325.0,2025-06-04 04:23:00+00:00,2025-06-04 04:10:30+00:00,12.5,17.5,Delivered
2025-06-08 22:09:00+00:00,Veg Pulao,O6012,NET BANKING,1326.0,2025-06-08 22:44:00+00:00,2025-06-08 22:26:30+00:00,17.5,22.5,Cancelled
2025-06-06 00:08:00+00:00,"Burger, French Fries",O8125,CREDIT CARD,1327.0,2025-06-06 00:43:00+00:00,2025-06-06 00:25:30+00:00,17.5,22.5,Delayed
2025-06-08 11:45:00+00:00,Medu Vada,O9252,CREDIT CARD,1328.0,2025-06-08 12:30:00+00:00,2025-06-08 12:07:30+00:00,22.5,27.5,Delayed
2025-06-01 20:44:00+00:00,"Veg Pulao, Lemon Juice",O8523,DEBIT CARD,1329.0,2025-06-01 21:31:00+00:00,2025-06-01 21:07:30+00:00,23.5,28.5,Cancelled
2025-06-16 02:05:00+00:00,Masal Dosa,O9438,NET BANKING,1330.0,2025-06-16 02:44:00+00:00,2025-06-16 02:24:30+00:00,19.5,24.5,Cancelled
2025-06-10 18:18:00+00:00,Masal Dosa,O10139,COD,1331.0,2025-06-10 19:01:00+00:00,2025-06-10 18:39:30+00:00,21.5,26.5,Delayed
2025-06-12 10:03:00+00:00,Dal Khichidi,O8596,COD,1332.0,2025-06-12 10:51:00+00:00,2025-06-12 10:27:00+00:00,24.0,29.0,Delayed
2025-06-05 04:12:00+00:00,Masal Dosa,O6979,COD,1333.0,2025-06-05 04:44:00+00:00,2025-06-05 04:28:00+00:00,16.0,21.0,Delayed
2025-06-14 17:15:00+00:00,Sheera,O6632,COD,1334.0,2025-06-14 18:13:00+00:00,2025-06-14 17:44:00+00:00,29.0,34.0,Cancelled
2025-06-14 03:34:00+00:00,Onion Poha,O10272,CREDIT CARD,1335.0,2025-06-14 04:17:00+00:00,2025-06-14 03:55:30+00:00,21.5,26.5,Cancelled
2025-06-02 01:12:00+00:00,Idli Sambar,O9103,COD,1336.0,2025-06-02 01:45:00+00:00,2025-06-02 01:28:30+00:00,16.5,21.5,Cancelled
2025-06-09 00:16:00+00:00,Sheera,O5808,UPI,1337.0,2025-06-09 01:02:00+00:00,2025-06-09 00:39:00+00:00,23.0,28.0,Cancelled
2025-06-07 17:44:00+00:00,Dal Rice,O5855,COD,1338.0,2025-06-07 18:08:00+00:00,2025-06-07 17:56:00+00:00,12.0,17.0,Delivered
2025-06-14 18:35:00+00:00,Upma,O5465,CREDIT CARD,1339.0,2025-06-14 19:01:00+00:00,2025-06-14 18:48:00+00:00,13.0,18.0,Delayed
2025-06-03 18:01:00+00:00,Dal Khichidi,O7294,DEBIT CARD,1340.0,2025-06-03 18:30:00+00:00,2025-06-03 18:15:30+00:00,14.5,19.5,Delayed
2025-06-07 04:41:00+00:00,Chapati Bhaji,O10909,DEBIT CARD,1341.0,2025-06-07 05:28:00+00:00,2025-06-07 05:04:30+00:00,23.5,28.5,Cancelled
2025-06-09 14:35:00+00:00,"Burger, French Fries",O10585,UPI,1342.0,2025-06-09 15:19:00+00:00,2025-06-09 14:57:00+00:00,22.0,27.0,Delayed
2025-06-08 19:09:00+00:00,Masal Dosa,O5822,UPI,1343.0,2025-06-08 20:03:00+00:00,2025-06-08 19:36:00+00:00,27.0,32.0,Delivered
2025-06-07 00:14:00+00:00,Masal Dosa,O8925,UPI,1344.0,2025-06-07 01:07:00+00:00,2025-06-07 00:40:30+00:00,26.5,31.5,Cancelled
2025-06-14 23:25:00+00:00,Dal Rice,O9706,UPI,1345.0,2025-06-15 00:07:00+00:00,2025-06-14 23:46:00+00:00,21.0,26.0,Delayed
2025-06-07 07:00:00+00:00,Veg Pasta,O7841,NET BANKING,1346.0,2025-06-07 07:44:00+00:00,2025-06-07 07:22:00+00:00,22.0,27.0,Delayed
2025-06-16 06:36:00+00:00,Masal Dosa,O8102,CREDIT CARD,1347.0,2025-06-16 07:19:00+00:00,2025-06-16 06:57:30+00:00,21.5,26.5,Cancelled
2025-06-13 12:00:00+00:00,Dal Khichidi,O9025,E-Wallet,1348.0,2025-06-13 12:58:00+00:00,2025-06-13 12:29:00+00:00,29.0,34.0,Delivered
2025-06-09 19:18:00+00:00,Masal Dosa,O10632,NET BANKING,1349.0,2025-06-09 19:46:00+00:00,2025-06-09 19:32:00+00:00,14.0,19.0,Cancelled
2025-06-12 18:18:00+00:00,Veg Pasta,O7647,DEBIT CARD,1350.0,2025-06-12 18:51:00+00:00,2025-06-12 18:34:30+00:00,16.5,21.5,Delivered
2025-06-08 12:09:00+00:00,Dal Rice Bhaji,O10005,E-Wallet,1351.0,2025-06-08 12:30:00+00:00,2025-06-08 12:19:30+00:00,10.5,15.5,Cancelled
2025-06-06 20:31:00+00:00,"Burger, Apple Milk Shake",O5523,E-Wallet,1352.0,2025-06-06 21:10:00+00:00,2025-06-06 20:50:30+00:00,19.5,24.5,Delivered
2025-06-13 12:33:00+00:00,Onion Uttapam,O5655,NET BANKING,1353.0,2025-06-13 13:15:00+00:00,2025-06-13 12:54:00+00:00,21.0,26.0,Delayed
2025-06-07 08:48:00+00:00,Idli Sambar,O9253,NET BANKING,1354.0,2025-06-07 09:38:00+00:00,2025-06-07 09:13:00+00:00,25.0,30.0,Delayed
2025-06-05 01:10:00+00:00,Upma,O6545,NET BANKING,1355.0,2025-06-05 01:34:00+00:00,2025-06-05 01:22:00+00:00,12.0,17.0,Delivered
2025-06-14 23:10:00+00:00,Onion Poha,O8166,UPI,1356.0,2025-06-14 23:49:00+00:00,2025-06-14 23:29:30+00:00,19.5,24.5,Delayed
2025-06-03 15:51:00+00:00,"Burger, French Fries",O8343,E-Wallet,1357.0,2025-06-03 16:50:00+00:00,2025-06-03 16:20:30+00:00,29.5,34.5,Delivered
2025-06-07 23:55:00+00:00,Chapati Bhaji,O9348,DEBIT CARD,1358.0,2025-06-08 00:12:00+00:00,2025-06-08 00:03:30+00:00,8.5,13.5,Cancelled
2025-06-04 11:25:00+00:00,Onion Uttapam,O10847,UPI,1359.0,2025-06-04 12:12:00+00:00,2025-06-04 11:48:30+00:00,23.5,28.5,Delayed
2025-06-01 17:04:00+00:00,Onion Poha,O5079,NET BANKING,1360.0,2025-06-01 18:00:00+00:00,2025-06-01 17:32:00+00:00,28.0,33.0,Delivered
2025-06-04 23:15:00+00:00,Sheera,O9295,E-Wallet,1361.0,2025-06-04 23:33:00+00:00,2025-06-04 23:24:00+00:00,9.0,14.0,Delayed
2025-06-05 11:56:00+00:00,Dal Rice Bhaji,O7438,E-Wallet,1362.0,2025-06-05 12:18:00+00:00,2025-06-05 12:07:00+00:00,11.0,16.0,Delivered
2025-06-09 23:39:00+00:00,Sheera,O7118,NET BANKING,1363.0,2025-06-10 00:14:00+00:00,2025-06-09 23:56:30+00:00,17.5,22.5,Delivered
2025-06-14 06:35:00+00:00,Veg Thali,O9973,UPI,1364.0,2025-06-14 07:17:00+00:00,2025-06-14 06:56:00+00:00,21.0,26.0,Cancelled
2025-06-13 03:52:00+00:00,Veg Pasta,O7012,E-Wallet,1365.0,2025-06-13 04:38:00+00:00,2025-06-13 04:15:00+00:00,23.0,28.0,Delivered
2025-06-05 18:05:00+00:00,Medu Vada,O7516,CREDIT CARD,1366.0,2025-06-05 18:44:00+00:00,2025-06-05 18:24:30+00:00,19.5,24.5,Delayed
2025-06-05 23:18:00+00:00,Upma,O10526,UPI,1367.0,2025-06-05 23:43:00+00:00,2025-06-05 23:30:30+00:00,12.5,17.5,Cancelled
2025-06-15 18:09:00+00:00,Onion Poha,O5119,UPI,1368.0,2025-06-15 18:48:00+00:00,2025-06-15 18:28:30+00:00,19.5,24.5,Delivered
2025-06-04 18:24:00+00:00,Dal Rice Bhaji,O5969,CREDIT CARD,1369.0,2025-06-04 19:09:00+00:00,2025-06-04 18:46:30+00:00,22.5,27.5,Delayed
2025-06-13 12:50:00+00:00,Veg Thali,O9085,E-Wallet,1370.0,2025-06-13 13:21:00+00:00,2025-06-13 13:05:30+00:00,15.5,20.5,Cancelled
2025-06-13 05:13:00+00:00,Dal Rice,O10450,NET BANKING,1371.0,2025-06-13 05:50:00+00:00,2025-06-13 05:31:30+00:00,18.5,23.5,Cancelled
2025-06-03 22:35:00+00:00,Onion Uttapam,O8199,CREDIT CARD,1372.0,2025-06-03 23:13:00+00:00,2025-06-03 22:54:00+00:00,19.0,24.0,Delayed
2025-06-01 21:11:00+00:00,Onion Poha,O6226,E-Wallet,1373.0,2025-06-01 21:36:00+00:00,2025-06-01 21:23:30+00:00,12.5,17.5,Delayed
2025-06-05 22:43:00+00:00,Masala Uttapam,O6217,CREDIT CARD,1374.0,2025-06-05 23:16:00+00:00,2025-06-05 22:59:30+00:00,16.5,21.5,Delayed
2025-06-14 10:51:00+00:00,Dal Khichidi,O6898,DEBIT CARD,1375.0,2025-06-14 11:29:00+00:00,2025-06-14 11:10:00+00:00,19.0,24.0,Delivered
2025-06-13 06:44:00+00:00,Masala Uttapam,O5978,E-Wallet,1376.0,2025-06-13 07:12:00+00:00,2025-06-13 06:58:00+00:00,14.0,19.0,Delayed
2025-06-09 00:17:00+00:00,Upma,O6753,E-Wallet,1377.0,2025-06-09 01:01:00+00:00,2025-06-09 00:39:00+00:00,22.0,27.0,Cancelled
2025-06-09 02:17:00+00:00,Masala Uttapam,O6125,DEBIT CARD,1378.0,2025-06-09 02:55:00+00:00,2025-06-09 02:36:00+00:00,19.0,24.0,Delivered
2025-06-13 15:43:00+00:00,Veg Pulao,O5594,UPI,1379.0,2025-06-13 16:06:00+00:00,2025-06-13 15:54:30+00:00,11.5,16.5,Cancelled
2025-06-12 16:08:00+00:00,Dal Rice,O7655,NET BANKING,1380.0,2025-06-12 16:56:00+00:00,2025-06-12 16:32:00+00:00,24.0,29.0,Delivered
2025-06-13 09:53:00+00:00,"Burger, Apple Milk Shake",O7763,CREDIT CARD,1381.0,2025-06-13 10:23:00+00:00,2025-06-13 10:08:00+00:00,15.0,20.0,Cancelled
2025-06-06 19:12:00+00:00,"Veg Pulao, Lemon Juice",O10549,NET BANKING,1382.0,2025-06-06 20:01:00+00:00,2025-06-06 19:36:30+00:00,24.5,29.5,Delivered
2025-06-05 07:54:00+00:00,Dal Khichidi,O6912,NET BANKING,1383.0,2025-06-05 08:38:00+00:00,2025-06-05 08:16:00+00:00,22.0,27.0,Delayed
2025-06-05 09:31:00+00:00,Masal Dosa,O7731,DEBIT CARD,1384.0,2025-06-05 10:16:00+00:00,2025-06-05 09:53:30+00:00,22.5,27.5,Delayed
2025-06-14 02:46:00+00:00,Masala Uttapam,O6879,NET BANKING,1385.0,2025-06-14 03:23:00+00:00,2025-06-14 03:04:30+00:00,18.5,23.5,Delivered
2025-06-02 02:41:00+00:00,Veg Pulao,O8918,UPI,1386.0,2025-06-02 03:27:00+00:00,2025-06-02 03:04:00+00:00,23.0,28.0,Delayed
2025-06-13 00:41:00+00:00,Dal Rice Bhaji,O7659,COD,1387.0,2025-06-13 01:23:00+00:00,2025-06-13 01:02:00+00:00,21.0,26.0,Delivered
2025-06-13 00:49:00+00:00,Masal Dosa,O8337,DEBIT CARD,1388.0,2025-06-13 01:34:00+00:00,2025-06-13 01:11:30+00:00,22.5,27.5,Cancelled
2025-06-13 04:56:00+00:00,Veg Thali,O6187,DEBIT CARD,1389.0,2025-06-13 05:15:00+00:00,2025-06-13 05:05:30+00:00,9.5,14.5,Delivered
2025-06-10 20:36:00+00:00,Medu Vada,O6000,DEBIT CARD,1390.0,2025-06-10 21:12:00+00:00,2025-06-10 20:54:00+00:00,18.0,23.0,Delivered
2025-06-09 20:41:00+00:00,"Veg Pulao, Lemon Juice",O5059,DEBIT CARD,1391.0,2025-06-09 21:35:00+00:00,2025-06-09 21:08:00+00:00,27.0,32.0,Cancelled
2025-06-03 22:23:00+00:00,Dal Rice Bhaji,O9757,DEBIT CARD,1392.0,2025-06-03 23:15:00+00:00,2025-06-03 22:49:00+00:00,26.0,31.0,Cancelled
2025-06-04 18:02:00+00:00,Sheera,O7253,E-Wallet,1393.0,2025-06-04 18:47:00+00:00,2025-06-04 18:24:30+00:00,22.5,27.5,Cancelled
2025-06-11 19:35:00+00:00,Onion Poha,O8557,NET BANKING,1394.0,2025-06-11 20:21:00+00:00,2025-06-11 19:58:00+00:00,23.0,28.0,Delivered
2025-06-07 14:08:00+00:00,Dal Rice Bhaji,O10651,CREDIT CARD,1395.0,2025-06-07 14:50:00+00:00,2025-06-07 14:29:00+00:00,21.0,26.0,Delayed
2025-06-09 06:34:00+00:00,Dal Rice Bhaji,O10730,DEBIT CARD,1396.0,2025-06-09 07:07:00+00:00,2025-06-09 06:50:30+00:00,16.5,21.5,Cancelled
2025-06-10 22:26:00+00:00,Medu Vada,O10603,COD,1397.0,2025-06-10 23:17:00+00:00,2025-06-10 22:51:30+00:00,25.5,30.5,Cancelled
2025-06-13 16:03:00+00:00,Medu Vada,O10715,UPI,1398.0,2025-06-13 16:47:00+00:00,2025-06-13 16:25:00+00:00,22.0,27.0,Delayed
2025-06-01 16:19:00+00:00,Veg Pasta,O5616,NET BANKING,1399.0,2025-06-01 17:05:00+00:00,2025-06-01 16:42:00+00:00,23.0,28.0,Cancelled
2025-06-15 11:55:00+00:00,"Veg Pulao, Lemon Juice",O5678,E-Wallet,1400.0,2025-06-15 12:30:00+00:00,2025-06-15 12:12:30+00:00,17.5,22.5,Delayed
2025-06-05 13:06:00+00:00,Dal Khichidi,O7629,E-Wallet,1401.0,2025-06-05 13:41:00+00:00,2025-06-05 13:23:30+00:00,17.5,22.5,Cancelled
2025-06-02 15:41:00+00:00,Masal Dosa,O10039,E-Wallet,1402.0,2025-06-02 16:12:00+00:00,2025-06-02 15:56:30+00:00,15.5,20.5,Cancelled
2025-06-07 15:34:00+00:00,Chapati Bhaji,O6243,DEBIT CARD,1403.0,2025-06-07 16:06:00+00:00,2025-06-07 15:50:00+00:00,16.0,21.0,Delivered
2025-06-13 20:34:00+00:00,Veg Pasta,O10580,NET BANKING,1404.0,2025-06-13 21:17:00+00:00,2025-06-13 20:55:30+00:00,21.5,26.5,Delayed
2025-06-08 03:10:00+00:00,Masala Uttapam,O10536,COD,1405.0,2025-06-08 03:50:00+00:00,2025-06-08 03:30:00+00:00,20.0,25.0,Cancelled
2025-06-07 11:48:00+00:00,Dal Rice,O10331,E-Wallet,1406.0,2025-06-07 12:22:00+00:00,2025-06-07 12:05:00+00:00,17.0,22.0,Delivered
2025-06-13 19:29:00+00:00,Sheera,O7531,DEBIT CARD,1407.0,2025-06-13 20:07:00+00:00,2025-06-13 19:48:00+00:00,19.0,24.0,Cancelled
2025-06-01 22:20:00+00:00,Dal Rice,O7652,CREDIT CARD,1408.0,2025-06-01 22:43:00+00:00,2025-06-01 22:31:30+00:00,11.5,16.5,Cancelled
2025-06-14 12:13:00+00:00,Onion Uttapam,O9753,E-Wallet,1409.0,2025-06-14 12:44:00+00:00,2025-06-14 12:28:30+00:00,15.5,20.5,Delayed
2025-06-06 03:08:00+00:00,Medu Vada,O6875,DEBIT CARD,1410.0,2025-06-06 03:41:00+00:00,2025-06-06 03:24:30+00:00,16.5,21.5,Delivered
2025-06-15 22:15:00+00:00,Masala Uttapam,O7524,E-Wallet,1411.0,2025-06-15 23:05:00+00:00,2025-06-15 22:40:00+00:00,25.0,30.0,Delayed
2025-06-05 00:17:00+00:00,Sheera,O9100,COD,1412.0,2025-06-05 00:46:00+00:00,2025-06-05 00:31:30+00:00,14.5,19.5,Delayed
2025-06-01 23:10:00+00:00,Chapati Bhaji,O6737,CREDIT CARD,1413.0,2025-06-01 23:47:00+00:00,2025-06-01 23:28:30+00:00,18.5,23.5,Delivered
2025-06-15 00:24:00+00:00,Veg Pulao,O8097,NET BANKING,1414.0,2025-06-15 01:13:00+00:00,2025-06-15 00:48:30+00:00,24.5,29.5,Cancelled
2025-06-10 01:25:00+00:00,"Burger, French Fries",O10671,E-Wallet,1415.0,2025-06-10 01:44:00+00:00,2025-06-10 01:34:30+00:00,9.5,14.5,Cancelled
2025-06-06 08:19:00+00:00,Dal Rice Bhaji,O6706,CREDIT CARD,1416.0,2025-06-06 08:53:00+00:00,2025-06-06 08:36:00+00:00,17.0,22.0,Delayed
2025-06-14 20:00:00+00:00,Sheera,O7564,CREDIT CARD,1417.0,2025-06-14 20:34:00+00:00,2025-06-14 20:17:00+00:00,17.0,22.0,Delayed
2025-06-07 13:34:00+00:00,Onion Uttapam,O6334,COD,1418.0,2025-06-07 14:10:00+00:00,2025-06-07 13:52:00+00:00,18.0,23.0,Cancelled
2025-06-05 14:22:00+00:00,Veg Thali,O6228,DEBIT CARD,1419.0,2025-06-05 14:58:00+00:00,2025-06-05 14:40:00+00:00,18.0,23.0,Delivered
2025-06-03 00:43:00+00:00,Upma,O5263,UPI,1420.0,2025-06-03 01:19:00+00:00,2025-06-03 01:01:00+00:00,18.0,23.0,Cancelled
2025-06-04 19:00:00+00:00,Veg Pasta,O9919,COD,1421.0,2025-06-04 19:27:00+00:00,2025-06-04 19:13:30+00:00,13.5,18.5,Delayed
2025-06-09 23:43:00+00:00,Veg Pulao,O9319,DEBIT CARD,1422.0,2025-06-10 00:24:00+00:00,2025-06-10 00:03:30+00:00,20.5,25.5,Delayed
2025-06-10 16:20:00+00:00,Veg Thali,O5928,NET BANKING,1423.0,2025-06-10 17:02:00+00:00,2025-06-10 16:41:00+00:00,21.0,26.0,Delivered
2025-06-10 15:04:00+00:00,Dal Rice,O7326,NET BANKING,1424.0,2025-06-10 15:46:00+00:00,2025-06-10 15:25:00+00:00,21.0,26.0,Delayed
2025-06-15 19:35:00+00:00,Dal Khichidi,O10233,NET BANKING,1425.0,2025-06-15 20:03:00+00:00,2025-06-15 19:49:00+00:00,14.0,19.0,Delayed
2025-06-01 12:55:00+00:00,Onion Poha,O8980,E-Wallet,1426.0,2025-06-01 13:46:00+00:00,2025-06-01 13:20:30+00:00,25.5,30.5,Cancelled
2025-06-03 00:24:00+00:00,Dal Rice,O6936,E-Wallet,1427.0,2025-06-03 00:55:00+00:00,2025-06-03 00:39:30+00:00,15.5,20.5,Delivered
2025-06-03 15:05:00+00:00,Chapati Bhaji,O10789,DEBIT CARD,1428.0,2025-06-03 15:32:00+00:00,2025-06-03 15:18:30+00:00,13.5,18.5,Delivered
2025-06-02 11:19:00+00:00,Dal Rice Bhaji,O7639,E-Wallet,1429.0,2025-06-02 12:08:00+00:00,2025-06-02 11:43:30+00:00,24.5,29.5,Delayed
2025-06-02 10:29:00+00:00,Chapati Bhaji,O5309,CREDIT CARD,1430.0,2025-06-02 11:01:00+00:00,2025-06-02 10:45:00+00:00,16.0,21.0,Cancelled
2025-06-13 04:50:00+00:00,Sheera,O10740,COD,1431.0,2025-06-13 05:13:00+00:00,2025-06-13 05:01:30+00:00,11.5,16.5,Delivered
2025-06-14 16:53:00+00:00,Masala Uttapam,O6919,COD,1432.0,2025-06-14 17:24:00+00:00,2025-06-14 17:08:30+00:00,15.5,20.5,Delayed
2025-06-02 20:03:00+00:00,Veg Pulao,O7668,NET BANKING,1433.0,2025-06-02 20:42:00+00:00,2025-06-02 20:22:30+00:00,19.5,24.5,Delayed
2025-06-14 22:09:00+00:00,"Burger, French Fries",O9081,CREDIT CARD,1434.0,2025-06-14 22:53:00+00:00,2025-06-14 22:31:00+00:00,22.0,27.0,Cancelled
2025-06-15 23:03:00+00:00,Veg Thali,O6845,UPI,1435.0,2025-06-15 23:34:00+00:00,2025-06-15 23:18:30+00:00,15.5,20.5,Delayed
2025-06-05 05:11:00+00:00,Onion Uttapam,O6562,DEBIT CARD,1436.0,2025-06-05 05:51:00+00:00,2025-06-05 05:31:00+00:00,20.0,25.0,Cancelled
2025-06-13 02:29:00+00:00,Dal Rice Bhaji,O5066,CREDIT CARD,1437.0,2025-06-13 02:56:00+00:00,2025-06-13 02:42:30+00:00,13.5,18.5,Delivered
2025-06-14 18:05:00+00:00,Idli Sambar,O8331,DEBIT CARD,1438.0,2025-06-14 18:52:00+00:00,2025-06-14 18:28:30+00:00,23.5,28.5,Delivered
2025-06-12 10:41:00+00:00,Dal Rice,O5363,UPI,1439.0,2025-06-12 11:17:00+00:00,2025-06-12 10:59:00+00:00,18.0,23.0,Cancelled
2025-06-16 01:24:00+00:00,Masala Uttapam,O7925,UPI,1440.0,2025-06-16 02:03:00+00:00,2025-06-16 01:43:30+00:00,19.5,24.5,Cancelled
2025-06-03 08:46:00+00:00,Sheera,O6825,CREDIT CARD,1441.0,2025-06-03 09:26:00+00:00,2025-06-03 09:06:00+00:00,20.0,25.0,Delayed
2025-06-03 03:34:00+00:00,Medu Vada,O9367,UPI,1442.0,2025-06-03 04:32:00+00:00,2025-06-03 04:03:00+00:00,29.0,34.0,Delayed
2025-06-03 19:58:00+00:00,Chapati Bhaji,O10598,COD,1443.0,2025-06-03 20:34:00+00:00,2025-06-03 20:16:00+00:00,18.0,23.0,Cancelled
2025-06-16 08:14:00+00:00,Masala Uttapam,O5821,NET BANKING,1444.0,2025-06-16 08:48:00+00:00,2025-06-16 08:31:00+00:00,17.0,22.0,Cancelled
2025-06-04 13:46:00+00:00,Masal Dosa,O8089,CREDIT CARD,1445.0,2025-06-04 14:13:00+00:00,2025-06-04 13:59:30+00:00,13.5,18.5,Delivered
2025-06-01 10:37:00+00:00,Onion Poha,O8410,E-Wallet,1446.0,2025-06-01 11:32:00+00:00,2025-06-01 11:04:30+00:00,27.5,32.5,Delivered
2025-06-05 00:56:00+00:00,"Burger, French Fries",O6444,DEBIT CARD,1447.0,2025-06-05 01:26:00+00:00,2025-06-05 01:11:00+00:00,15.0,20.0,Cancelled
2025-06-11 22:29:00+00:00,Masala Uttapam,O6301,COD,1448.0,2025-06-11 23:18:00+00:00,2025-06-11 22:53:30+00:00,24.5,29.5,Delayed
2025-06-16 02:01:00+00:00,Veg Pasta,O6612,NET BANKING,1449.0,2025-06-16 02:53:00+00:00,2025-06-16 02:27:00+00:00,26.0,31.0,Delayed
2025-06-10 14:53:00+00:00,Veg Pasta,O7171,E-Wallet,1450.0,2025-06-10 15:15:00+00:00,2025-06-10 15:04:00+00:00,11.0,16.0,Delivered
2025-06-15 05:14:00+00:00,Upma,O8404,E-Wallet,1451.0,2025-06-15 06:00:00+00:00,2025-06-15 05:37:00+00:00,23.0,28.0,Cancelled
2025-06-04 15:23:00+00:00,Sheera,O7590,NET BANKING,1452.0,2025-06-04 16:02:00+00:00,2025-06-04 15:42:30+00:00,19.5,24.5,Delayed
2025-06-10 06:59:00+00:00,"Burger, French Fries",O7003,UPI,1453.0,2025-06-10 07:43:00+00:00,2025-06-10 07:21:00+00:00,22.0,27.0,Delayed
2025-06-05 21:38:00+00:00,Veg Thali,O10673,DEBIT CARD,1454.0,2025-06-05 22:32:00+00:00,2025-06-05 22:05:00+00:00,27.0,32.0,Delivered
2025-06-13 15:29:00+00:00,Onion Poha,O10877,NET BANKING,1455.0,2025-06-13 16:11:00+00:00,2025-06-13 15:50:00+00:00,21.0,26.0,Delivered
2025-06-09 04:17:00+00:00,Onion Poha,O6321,UPI,1456.0,2025-06-09 04:53:00+00:00,2025-06-09 04:35:00+00:00,18.0,23.0,Cancelled
2025-06-09 04:23:00+00:00,Dal Khichidi,O6666,CREDIT CARD,1457.0,2025-06-09 05:12:00+00:00,2025-06-09 04:47:30+00:00,24.5,29.5,Delivered
2025-06-03 10:22:00+00:00,Veg Thali,O7518,COD,1458.0,2025-06-03 10:53:00+00:00,2025-06-03 10:37:30+00:00,15.5,20.5,Cancelled
2025-06-09 06:52:00+00:00,Veg Thali,O10016,NET BANKING,1459.0,2025-06-09 07:44:00+00:00,2025-06-09 07:18:00+00:00,26.0,31.0,Delayed
2025-06-05 08:33:00+00:00,Upma,O9934,DEBIT CARD,1460.0,2025-06-05 09:25:00+00:00,2025-06-05 08:59:00+00:00,26.0,31.0,Delayed
2025-06-13 08:21:00+00:00,Sheera,O9728,CREDIT CARD,1461.0,2025-06-13 08:52:00+00:00,2025-06-13 08:36:30+00:00,15.5,20.5,Cancelled
2025-06-03 21:36:00+00:00,Onion Uttapam,O5788,NET BANKING,1462.0,2025-06-03 22:04:00+00:00,2025-06-03 21:50:00+00:00,14.0,19.0,Cancelled
2025-06-13 04:40:00+00:00,Sheera,O7222,CREDIT CARD,1463.0,2025-06-13 05:08:00+00:00,2025-06-13 04:54:00+00:00,14.0,19.0,Delayed
2025-06-14 14:45:00+00:00,"Veg Pulao, Lemon Juice",O9533,CREDIT CARD,1464.0,2025-06-14 15:27:00+00:00,2025-06-14 15:06:00+00:00,21.0,26.0,Cancelled
2025-06-07 12:03:00+00:00,Onion Uttapam,O8745,CREDIT CARD,1465.0,2025-06-07 12:50:00+00:00,2025-06-07 12:26:30+00:00,23.5,28.5,Delivered
2025-06-14 21:40:00+00:00,Onion Uttapam,O5893,COD,1466.0,2025-06-14 21:58:00+00:00,2025-06-14 21:49:00+00:00,9.0,14.0,Delivered
2025-06-12 02:04:00+00:00,Onion Poha,O8847,COD,1467.0,2025-06-12 02:57:00+00:00,2025-06-12 02:30:30+00:00,26.5,31.5,Cancelled
2025-06-02 23:39:00+00:00,"Burger, Apple Milk Shake",O8154,COD,1468.0,2025-06-03 00:05:00+00:00,2025-06-02 23:52:00+00:00,13.0,18.0,Delivered
2025-06-02 07:17:00+00:00,Idli Sambar,O8686,DEBIT CARD,1469.0,2025-06-02 07:49:00+00:00,2025-06-02 07:33:00+00:00,16.0,21.0,Delayed
2025-06-14 09:30:00+00:00,Onion Poha,O5086,E-Wallet,1470.0,2025-06-14 10:06:00+00:00,2025-06-14 09:48:00+00:00,18.0,23.0,Delayed
2025-06-08 06:01:00+00:00,"Burger, Apple Milk Shake",O10905,COD,1471.0,2025-06-08 06:23:00+00:00,2025-06-08 06:12:00+00:00,11.0,16.0,Cancelled
2025-06-10 05:22:00+00:00,Upma,O9619,CREDIT CARD,1472.0,2025-06-10 06:16:00+00:00,2025-06-10 05:49:00+00:00,27.0,32.0,Delivered
2025-06-03 22:05:00+00:00,Onion Uttapam,O10059,CREDIT CARD,1473.0,2025-06-03 22:41:00+00:00,2025-06-03 22:23:00+00:00,18.0,23.0,Delayed
2025-06-07 19:08:00+00:00,"Burger, French Fries",O6462,UPI,1474.0,2025-06-07 19:34:00+00:00,2025-06-07 19:21:00+00:00,13.0,18.0,Cancelled
2025-06-15 08:30:00+00:00,Chapati Bhaji,O8816,E-Wallet,1475.0,2025-06-15 08:56:00+00:00,2025-06-15 08:43:00+00:00,13.0,18.0,Cancelled
2025-06-16 03:55:00+00:00,Masal Dosa,O5277,COD,1476.0,2025-06-16 04:20:00+00:00,2025-06-16 04:07:30+00:00,12.5,17.5,Delivered
2025-06-11 04:23:00+00:00,Onion Poha,O5330,CREDIT CARD,1477.0,2025-06-11 04:39:00+00:00,2025-06-11 04:31:00+00:00,8.0,13.0,Cancelled
2025-06-04 03:31:00+00:00,Veg Pasta,O7582,CREDIT CARD,1478.0,2025-06-04 04:11:00+00:00,2025-06-04 03:51:00+00:00,20.0,25.0,Cancelled
2025-06-05 18:00:00+00:00,Onion Poha,O8318,DEBIT CARD,1479.0,2025-06-05 18:58:00+00:00,2025-06-05 18:29:00+00:00,29.0,34.0,Cancelled
2025-06-09 23:10:00+00:00,"Burger, French Fries",O6909,DEBIT CARD,1480.0,2025-06-09 23:52:00+00:00,2025-06-09 23:31:00+00:00,21.0,26.0,Delayed
2025-06-10 21:35:00+00:00,"Burger, French Fries",O5647,NET BANKING,1481.0,2025-06-10 22:20:00+00:00,2025-06-10 21:57:30+00:00,22.5,27.5,Delivered
2025-06-06 18:52:00+00:00,Dal Rice Bhaji,O8235,UPI,1482.0,2025-06-06 19:38:00+00:00,2025-06-06 19:15:00+00:00,23.0,28.0,Cancelled
2025-06-03 07:53:00+00:00,Veg Thali,O9652,UPI,1483.0,2025-06-03 08:42:00+00:00,2025-06-03 08:17:30+00:00,24.5,29.5,Delayed
2025-06-02 12:31:00+00:00,Upma,O8907,COD,1484.0,2025-06-02 13:06:00+00:00,2025-06-02 12:48:30+00:00,17.5,22.5,Delayed
2025-06-14 01:41:00+00:00,"Veg Pulao, Lemon Juice",O5621,CREDIT CARD,1485.0,2025-06-14 02:29:00+00:00,2025-06-14 02:05:00+00:00,24.0,29.0,Cancelled
2025-06-15 15:06:00+00:00,Chapati Bhaji,O10211,COD,1486.0,2025-06-15 15:55:00+00:00,2025-06-15 15:30:30+00:00,24.5,29.5,Delivered
2025-06-02 23:04:00+00:00,Chapati Bhaji,O6833,UPI,1487.0,2025-06-03 00:00:00+00:00,2025-06-02 23:32:00+00:00,28.0,33.0,Delayed
2025-06-04 17:53:00+00:00,Idli Sambar,O8724,DEBIT CARD,1488.0,2025-06-04 18:45:00+00:00,2025-06-04 18:19:00+00:00,26.0,31.0,Cancelled
2025-06-10 15:37:00+00:00,"Veg Pulao, Lemon Juice",O10142,UPI,1489.0,2025-06-10 16:30:00+00:00,2025-06-10 16:03:30+00:00,26.5,31.5,Delivered
2025-06-15 01:25:00+00:00,Idli Sambar,O8432,UPI,1490.0,2025-06-15 01:54:00+00:00,2025-06-15 01:39:30+00:00,14.5,19.5,Cancelled
2025-06-06 00:35:00+00:00,Upma,O9785,NET BANKING,1491.0,2025-06-06 00:58:00+00:00,2025-06-06 00:46:30+00:00,11.5,16.5,Delayed
2025-06-11 06:45:00+00:00,Masala Uttapam,O7176,COD,1492.0,2025-06-11 07:32:00+00:00,2025-06-11 07:08:30+00:00,23.5,28.5,Delivered
2025-06-13 08:33:00+00:00,Veg Thali,O5721,DEBIT CARD,1493.0,2025-06-13 09:03:00+00:00,2025-06-13 08:48:00+00:00,15.0,20.0,Delivered
2025-06-02 17:18:00+00:00,"Burger, Apple Milk Shake",O6486,DEBIT CARD,1494.0,2025-06-02 17:55:00+00:00,2025-06-02 17:36:30+00:00,18.5,23.5,Delayed
2025-06-05 19:41:00+00:00,Onion Poha,O10135,DEBIT CARD,1495.0,2025-06-05 20:11:00+00:00,2025-06-05 19:56:00+00:00,15.0,20.0,Cancelled
2025-06-02 06:47:00+00:00,Onion Uttapam,O10293,COD,1496.0,2025-06-02 07:15:00+00:00,2025-06-02 07:01:00+00:00,14.0,19.0,Cancelled
2025-06-08 16:43:00+00:00,Upma,O7662,UPI,1497.0,2025-06-08 17:21:00+00:00,2025-06-08 17:02:00+00:00,19.0,24.0,Delivered
2025-06-09 11:55:00+00:00,Veg Pasta,O7004,DEBIT CARD,1498.0,2025-06-09 12:39:00+00:00,2025-06-09 12:17:00+00:00,22.0,27.0,Delayed
2025-06-06 07:08:00+00:00,Sheera,O5682,NET BANKING,1499.0,2025-06-06 07:52:00+00:00,2025-06-06 07:30:00+00:00,22.0,27.0,Cancelled
2025-06-06 01:57:00+00:00,"Veg Pulao, Lemon Juice",O7495,COD,1500.0,2025-06-06 02:33:00+00:00,2025-06-06 02:15:00+00:00,18.0,23.0,Cancelled
2025-06-08 08:53:00+00:00,Masal Dosa,O10390,NET BANKING,1501.0,2025-06-08 09:43:00+00:00,2025-06-08 09:18:00+00:00,25.0,30.0,Delivered
2025-06-03 16:19:00+00:00,Medu Vada,O9377,CREDIT CARD,1502.0,2025-06-03 17:05:00+00:00,2025-06-03 16:42:00+00:00,23.0,28.0,Delayed
2025-06-07 23:36:00+00:00,Dal Khichidi,O6497,NET BANKING,1503.0,2025-06-08 00:06:00+00:00,2025-06-07 23:51:00+00:00,15.0,20.0,Delayed
2025-06-14 02:39:00+00:00,Onion Poha,O5463,E-Wallet,1504.0,2025-06-14 03:19:00+00:00,2025-06-14 02:59:00+00:00,20.0,25.0,Delayed
2025-06-07 03:58:00+00:00,Onion Uttapam,O5828,E-Wallet,1505.0,2025-06-07 04:38:00+00:00,2025-06-07 04:18:00+00:00,20.0,25.0,Delayed
2025-06-11 03:16:00+00:00,Veg Thali,O7960,E-Wallet,1506.0,2025-06-11 03:35:00+00:00,2025-06-11 03:25:30+00:00,9.5,14.5,Delivered
2025-06-07 08:56:00+00:00,Onion Uttapam,O9327,NET BANKING,1507.0,2025-06-07 09:53:00+00:00,2025-06-07 09:24:30+00:00,28.5,33.5,Cancelled
2025-06-07 13:33:00+00:00,Dal Khichidi,O9329,COD,1508.0,2025-06-07 14:30:00+00:00,2025-06-07 14:01:30+00:00,28.5,33.5,Cancelled
2025-06-04 15:16:00+00:00,Veg Thali,O8192,CREDIT CARD,1509.0,2025-06-04 15:52:00+00:00,2025-06-04 15:34:00+00:00,18.0,23.0,Delivered
2025-06-02 20:01:00+00:00,"Burger, French Fries",O6074,NET BANKING,1510.0,2025-06-02 20:48:00+00:00,2025-06-02 20:24:30+00:00,23.5,28.5,Delivered
2025-06-14 20:40:00+00:00,"Burger, French Fries",O10931,CREDIT CARD,1511.0,2025-06-14 21:10:00+00:00,2025-06-14 20:55:00+00:00,15.0,20.0,Delayed
2025-06-06 17:18:00+00:00,Onion Uttapam,O8461,CREDIT CARD,1512.0,2025-06-06 17:46:00+00:00,2025-06-06 17:32:00+00:00,14.0,19.0,Cancelled
2025-06-15 05:57:00+00:00,Masal Dosa,O10148,DEBIT CARD,1513.0,2025-06-15 06:22:00+00:00,2025-06-15 06:09:30+00:00,12.5,17.5,Cancelled
2025-06-03 04:43:00+00:00,Upma,O5415,NET BANKING,1514.0,2025-06-03 05:20:00+00:00,2025-06-03 05:01:30+00:00,18.5,23.5,Cancelled
2025-06-07 22:34:00+00:00,Veg Pulao,O7981,UPI,1515.0,2025-06-07 23:03:00+00:00,2025-06-07 22:48:30+00:00,14.5,19.5,Delayed
2025-06-03 07:27:00+00:00,"Burger, French Fries",O10831,NET BANKING,1516.0,2025-06-03 08:10:00+00:00,2025-06-03 07:48:30+00:00,21.5,26.5,Delayed
2025-06-02 10:25:00+00:00,Dal Rice Bhaji,O5464,DEBIT CARD,1517.0,2025-06-02 10:57:00+00:00,2025-06-02 10:41:00+00:00,16.0,21.0,Cancelled
2025-06-10 01:20:00+00:00,"Burger, Apple Milk Shake",O10086,UPI,1518.0,2025-06-10 02:00:00+00:00,2025-06-10 01:40:00+00:00,20.0,25.0,Delayed
2025-06-03 03:25:00+00:00,Dal Rice,O6467,E-Wallet,1519.0,2025-06-03 03:56:00+00:00,2025-06-03 03:40:30+00:00,15.5,20.5,Cancelled
2025-06-12 10:30:00+00:00,Medu Vada,O10781,COD,1520.0,2025-06-12 11:08:00+00:00,2025-06-12 10:49:00+00:00,19.0,24.0,Delivered
2025-06-06 19:11:00+00:00,Masala Uttapam,O5332,COD,1521.0,2025-06-06 19:40:00+00:00,2025-06-06 19:25:30+00:00,14.5,19.5,Cancelled
2025-06-14 11:57:00+00:00,Masal Dosa,O9582,UPI,1522.0,2025-06-14 12:39:00+00:00,2025-06-14 12:18:00+00:00,21.0,26.0,Delayed
2025-06-14 20:07:00+00:00,Chapati Bhaji,O10821,COD,1523.0,2025-06-14 20:43:00+00:00,2025-06-14 20:25:00+00:00,18.0,23.0,Delivered
2025-06-06 07:10:00+00:00,Chapati Bhaji,O5747,UPI,1524.0,2025-06-06 07:56:00+00:00,2025-06-06 07:33:00+00:00,23.0,28.0,Delivered
2025-06-04 19:45:00+00:00,Onion Uttapam,O8951,CREDIT CARD,1525.0,2025-06-04 20:30:00+00:00,2025-06-04 20:07:30+00:00,22.5,27.5,Delivered
2025-06-06 11:55:00+00:00,Veg Thali,O10112,UPI,1526.0,2025-06-06 12:39:00+00:00,2025-06-06 12:17:00+00:00,22.0,27.0,Delivered
2025-06-01 14:16:00+00:00,"Burger, French Fries",O8092,DEBIT CARD,1527.0,2025-06-01 14:48:00+00:00,2025-06-01 14:32:00+00:00,16.0,21.0,Cancelled
2025-06-13 20:43:00+00:00,Chapati Bhaji,O9671,DEBIT CARD,1528.0,2025-06-13 21:28:00+00:00,2025-06-13 21:05:30+00:00,22.5,27.5,Delivered
2025-06-14 06:20:00+00:00,Masal Dosa,O10319,DEBIT CARD,1529.0,2025-06-14 06:52:00+00:00,2025-06-14 06:36:00+00:00,16.0,21.0,Cancelled
2025-06-11 12:02:00+00:00,Idli Sambar,O7910,COD,1530.0,2025-06-11 12:42:00+00:00,2025-06-11 12:22:00+00:00,20.0,25.0,Delayed
2025-06-12 11:32:00+00:00,Medu Vada,O8358,NET BANKING,1531.0,2025-06-12 12:16:00+00:00,2025-06-12 11:54:00+00:00,22.0,27.0,Delivered
2025-06-07 21:24:00+00:00,Onion Poha,O8500,E-Wallet,1532.0,2025-06-07 22:03:00+00:00,2025-06-07 21:43:30+00:00,19.5,24.5,Delivered
2025-06-10 19:13:00+00:00,Chapati Bhaji,O8002,COD,1533.0,2025-06-10 19:43:00+00:00,2025-06-10 19:28:00+00:00,15.0,20.0,Delayed
2025-06-16 08:11:00+00:00,Idli Sambar,O8529,COD,1534.0,2025-06-16 08:53:00+00:00,2025-06-16 08:32:00+00:00,21.0,26.0,Delayed
2025-06-13 10:05:00+00:00,Veg Pulao,O10244,UPI,1535.0,2025-06-13 10:26:00+00:00,2025-06-13 10:15:30+00:00,10.5,15.5,Delayed
2025-06-11 13:57:00+00:00,Dal Rice Bhaji,O9049,DEBIT CARD,1536.0,2025-06-11 14:52:00+00:00,2025-06-11 14:24:30+00:00,27.5,32.5,Cancelled
2025-06-11 17:32:00+00:00,Dal Khichidi,O6960,COD,1537.0,2025-06-11 18:16:00+00:00,2025-06-11 17:54:00+00:00,22.0,27.0,Cancelled
2025-06-05 14:07:00+00:00,Dal Khichidi,O7800,E-Wallet,1538.0,2025-06-05 14:42:00+00:00,2025-06-05 14:24:30+00:00,17.5,22.5,Delayed
2025-06-06 17:51:00+00:00,Veg Pasta,O8825,DEBIT CARD,1539.0,2025-06-06 18:29:00+00:00,2025-06-06 18:10:00+00:00,19.0,24.0,Delayed
2025-06-05 18:18:00+00:00,Onion Uttapam,O10122,DEBIT CARD,1540.0,2025-06-05 19:00:00+00:00,2025-06-05 18:39:00+00:00,21.0,26.0,Cancelled
2025-06-03 08:10:00+00:00,Veg Thali,O9710,E-Wallet,1541.0,2025-06-03 09:02:00+00:00,2025-06-03 08:36:00+00:00,26.0,31.0,Delayed
2025-06-06 10:20:00+00:00,"Burger, French Fries",O10444,COD,1542.0,2025-06-06 10:58:00+00:00,2025-06-06 10:39:00+00:00,19.0,24.0,Cancelled
2025-06-10 21:31:00+00:00,Onion Uttapam,O9276,COD,1543.0,2025-06-10 21:50:00+00:00,2025-06-10 21:40:30+00:00,9.5,14.5,Delivered
2025-06-15 12:20:00+00:00,Masala Uttapam,O9027,UPI,1544.0,2025-06-15 13:17:00+00:00,2025-06-15 12:48:30+00:00,28.5,33.5,Cancelled
2025-06-09 00:13:00+00:00,Veg Pasta,O8955,NET BANKING,1545.0,2025-06-09 00:52:00+00:00,2025-06-09 00:32:30+00:00,19.5,24.5,Delivered
2025-06-10 07:57:00+00:00,Idli Sambar,O5151,UPI,1546.0,2025-06-10 08:49:00+00:00,2025-06-10 08:23:00+00:00,26.0,31.0,Delivered
2025-06-09 13:33:00+00:00,Veg Thali,O7517,COD,1547.0,2025-06-09 14:14:00+00:00,2025-06-09 13:53:30+00:00,20.5,25.5,Delayed
2025-06-06 10:20:00+00:00,Dal Rice Bhaji,O7687,COD,1548.0,2025-06-06 10:56:00+00:00,2025-06-06 10:38:00+00:00,18.0,23.0,Cancelled
2025-06-10 05:55:00+00:00,"Burger, Apple Milk Shake",O7017,COD,1549.0,2025-06-10 06:32:00+00:00,2025-06-10 06:13:30+00:00,18.5,23.5,Cancelled
2025-06-05 23:02:00+00:00,Onion Poha,O5903,E-Wallet,1550.0,2025-06-05 23:47:00+00:00,2025-06-05 23:24:30+00:00,22.5,27.5,Delayed
2025-06-15 01:05:00+00:00,Veg Pasta,O8507,DEBIT CARD,1551.0,2025-06-15 01:39:00+00:00,2025-06-15 01:22:00+00:00,17.0,22.0,Delayed
2025-06-05 08:38:00+00:00,"Veg Pulao, Lemon Juice",O7618,COD,1552.0,2025-06-05 09:18:00+00:00,2025-06-05 08:58:00+00:00,20.0,25.0,Delayed
2025-06-09 17:06:00+00:00,Chapati Bhaji,O5634,CREDIT CARD,1553.0,2025-06-09 17:35:00+00:00,2025-06-09 17:20:30+00:00,14.5,19.5,Delayed
2025-06-10 05:20:00+00:00,Masala Uttapam,O10368,E-Wallet,1554.0,2025-06-10 05:48:00+00:00,2025-06-10 05:34:00+00:00,14.0,19.0,Cancelled
2025-06-09 17:17:00+00:00,Medu Vada,O10706,UPI,1555.0,2025-06-09 18:01:00+00:00,2025-06-09 17:39:00+00:00,22.0,27.0,Cancelled
2025-06-07 02:37:00+00:00,Onion Poha,O6492,E-Wallet,1556.0,2025-06-07 03:11:00+00:00,2025-06-07 02:54:00+00:00,17.0,22.0,Delivered
2025-06-10 13:25:00+00:00,Dal Rice Bhaji,O9218,COD,1557.0,2025-06-10 14:01:00+00:00,2025-06-10 13:43:00+00:00,18.0,23.0,Delayed
2025-06-05 13:03:00+00:00,"Burger, Apple Milk Shake",O7845,UPI,1558.0,2025-06-05 13:44:00+00:00,2025-06-05 13:23:30+00:00,20.5,25.5,Cancelled
2025-06-08 15:25:00+00:00,Upma,O5238,CREDIT CARD,1559.0,2025-06-08 16:24:00+00:00,2025-06-08 15:54:30+00:00,29.5,34.5,Delivered
2025-06-15 06:45:00+00:00,Masal Dosa,O5354,E-Wallet,1560.0,2025-06-15 07:17:00+00:00,2025-06-15 07:01:00+00:00,16.0,21.0,Cancelled
2025-06-06 17:47:00+00:00,"Burger, French Fries",O5688,COD,1561.0,2025-06-06 18:16:00+00:00,2025-06-06 18:01:30+00:00,14.5,19.5,Delayed
2025-06-09 12:57:00+00:00,Veg Thali,O5691,DEBIT CARD,1562.0,2025-06-09 13:24:00+00:00,2025-06-09 13:10:30+00:00,13.5,18.5,Cancelled
2025-06-10 05:38:00+00:00,Dal Rice Bhaji,O8098,COD,1563.0,2025-06-10 06:15:00+00:00,2025-06-10 05:56:30+00:00,18.5,23.5,Delayed
2025-06-10 12:59:00+00:00,Sheera,O6469,CREDIT CARD,1564.0,2025-06-10 13:29:00+00:00,2025-06-10 13:14:00+00:00,15.0,20.0,Delayed
2025-06-10 07:34:00+00:00,Onion Uttapam,O6030,CREDIT CARD,1565.0,2025-06-10 08:24:00+00:00,2025-06-10 07:59:00+00:00,25.0,30.0,Cancelled
2025-06-05 00:34:00+00:00,Masal Dosa,O5975,NET BANKING,1566.0,2025-06-05 01:08:00+00:00,2025-06-05 00:51:00+00:00,17.0,22.0,Delayed
2025-06-10 04:49:00+00:00,Upma,O10302,NET BANKING,1567.0,2025-06-10 05:32:00+00:00,2025-06-10 05:10:30+00:00,21.5,26.5,Cancelled
2025-06-08 04:36:00+00:00,"Veg Pulao, Lemon Juice",O8386,UPI,1568.0,2025-06-08 05:06:00+00:00,2025-06-08 04:51:00+00:00,15.0,20.0,Delivered
2025-06-05 03:24:00+00:00,Chapati Bhaji,O7669,CREDIT CARD,1569.0,2025-06-05 03:55:00+00:00,2025-06-05 03:39:30+00:00,15.5,20.5,Delayed
2025-06-05 02:47:00+00:00,Upma,O9763,DEBIT CARD,1570.0,2025-06-05 03:15:00+00:00,2025-06-05 03:01:00+00:00,14.0,19.0,Delivered
2025-06-08 09:03:00+00:00,Medu Vada,O8249,COD,1571.0,2025-06-08 09:37:00+00:00,2025-06-08 09:20:00+00:00,17.0,22.0,Delivered
2025-06-13 00:02:00+00:00,Masal Dosa,O5757,NET BANKING,1572.0,2025-06-13 00:49:00+00:00,2025-06-13 00:25:30+00:00,23.5,28.5,Delayed
2025-06-12 04:56:00+00:00,Upma,O5492,UPI,1573.0,2025-06-12 05:37:00+00:00,2025-06-12 05:16:30+00:00,20.5,25.5,Cancelled
2025-06-04 00:16:00+00:00,"Veg Pulao, Lemon Juice",O7465,CREDIT CARD,1574.0,2025-06-04 00:45:00+00:00,2025-06-04 00:30:30+00:00,14.5,19.5,Delayed
2025-06-05 09:56:00+00:00,Dal Rice,O10210,COD,1575.0,2025-06-05 10:32:00+00:00,2025-06-05 10:14:00+00:00,18.0,23.0,Cancelled
2025-06-11 00:25:00+00:00,"Veg Pulao, Lemon Juice",O10530,DEBIT CARD,1576.0,2025-06-11 01:10:00+00:00,2025-06-11 00:47:30+00:00,22.5,27.5,Cancelled
2025-06-03 02:39:00+00:00,Dal Khichidi,O10636,COD,1577.0,2025-06-03 03:38:00+00:00,2025-06-03 03:08:30+00:00,29.5,34.5,Delivered
2025-06-05 01:08:00+00:00,Masala Uttapam,O7594,CREDIT CARD,1578.0,2025-06-05 01:43:00+00:00,2025-06-05 01:25:30+00:00,17.5,22.5,Cancelled
2025-06-09 02:18:00+00:00,Onion Poha,O9504,NET BANKING,1579.0,2025-06-09 02:54:00+00:00,2025-06-09 02:36:00+00:00,18.0,23.0,Delayed
2025-06-06 04:50:00+00:00,Veg Pulao,O5890,COD,1580.0,2025-06-06 05:23:00+00:00,2025-06-06 05:06:30+00:00,16.5,21.5,Delivered
2025-06-14 23:34:00+00:00,Dal Rice Bhaji,O10646,E-Wallet,1581.0,2025-06-15 00:16:00+00:00,2025-06-14 23:55:00+00:00,21.0,26.0,Delayed
2025-06-10 16:36:00+00:00,Medu Vada,O9786,DEBIT CARD,1582.0,2025-06-10 16:57:00+00:00,2025-06-10 16:46:30+00:00,10.5,15.5,Delivered
2025-06-01 18:56:00+00:00,Dal Rice Bhaji,O10802,E-Wallet,1583.0,2025-06-01 19:46:00+00:00,2025-06-01 19:21:00+00:00,25.0,30.0,Cancelled
2025-06-02 15:06:00+00:00,Chapati Bhaji,O5981,NET BANKING,1584.0,2025-06-02 15:42:00+00:00,2025-06-02 15:24:00+00:00,18.0,23.0,Delayed
2025-06-10 07:45:00+00:00,Veg Thali,O5425,COD,1585.0,2025-06-10 08:25:00+00:00,2025-06-10 08:05:00+00:00,20.0,25.0,Cancelled
2025-06-08 14:25:00+00:00,Masala Uttapam,O9725,E-Wallet,1586.0,2025-06-08 15:01:00+00:00,2025-06-08 14:43:00+00:00,18.0,23.0,Delivered
2025-06-06 04:44:00+00:00,Veg Pasta,O7544,COD,1587.0,2025-06-06 05:25:00+00:00,2025-06-06 05:04:30+00:00,20.5,25.5,Delivered
2025-06-13 12:41:00+00:00,"Veg Pulao, Lemon Juice",O5026,NET BANKING,1588.0,2025-06-13 13:23:00+00:00,2025-06-13 13:02:00+00:00,21.0,26.0,Delayed
2025-06-05 18:21:00+00:00,Veg Pulao,O6094,CREDIT CARD,1589.0,2025-06-05 18:43:00+00:00,2025-06-05 18:32:00+00:00,11.0,16.0,Delivered
2025-06-12 00:37:00+00:00,Upma,O8280,CREDIT CARD,1590.0,2025-06-12 01:32:00+00:00,2025-06-12 01:04:30+00:00,27.5,32.5,Delivered
2025-06-04 08:06:00+00:00,Dal Rice,O5876,UPI,1591.0,2025-06-04 08:47:00+00:00,2025-06-04 08:26:30+00:00,20.5,25.5,Delayed
2025-06-15 14:54:00+00:00,Masala Uttapam,O5703,DEBIT CARD,1592.0,2025-06-15 15:41:00+00:00,2025-06-15 15:17:30+00:00,23.5,28.5,Delivered
2025-06-03 04:27:00+00:00,Masal Dosa,O9026,E-Wallet,1593.0,2025-06-03 05:06:00+00:00,2025-06-03 04:46:30+00:00,19.5,24.5,Delayed
2025-06-08 06:44:00+00:00,Upma,O6627,NET BANKING,1594.0,2025-06-08 07:35:00+00:00,2025-06-08 07:09:30+00:00,25.5,30.5,Delayed
2025-06-11 07:54:00+00:00,Masal Dosa,O8027,CREDIT CARD,1595.0,2025-06-11 08:20:00+00:00,2025-06-11 08:07:00+00:00,13.0,18.0,Cancelled
2025-06-04 03:17:00+00:00,"Burger, French Fries",O7849,DEBIT CARD,1596.0,2025-06-04 03:36:00+00:00,2025-06-04 03:26:30+00:00,9.5,14.5,Delivered
2025-06-10 11:02:00+00:00,Chapati Bhaji,O7751,NET BANKING,1597.0,2025-06-10 11:41:00+00:00,2025-06-10 11:21:30+00:00,19.5,24.5,Cancelled
2025-06-12 18:38:00+00:00,Dal Khichidi,O5028,NET BANKING,1598.0,2025-06-12 18:55:00+00:00,2025-06-12 18:46:30+00:00,8.5,13.5,Delivered
2025-06-15 21:10:00+00:00,Masala Uttapam,O5058,COD,1599.0,2025-06-15 21:39:00+00:00,2025-06-15 21:24:30+00:00,14.5,19.5,Cancelled
2025-06-14 23:01:00+00:00,Veg Thali,O5112,UPI,1600.0,2025-06-14 23:33:00+00:00,2025-06-14 23:17:00+00:00,16.0,21.0,Delivered
2025-06-06 09:07:00+00:00,Onion Uttapam,O5162,COD,1601.0,2025-06-06 09:45:00+00:00,2025-06-06 09:26:00+00:00,19.0,24.0,Delivered
2025-06-07 13:57:00+00:00,Masala Uttapam,O6870,UPI,1602.0,2025-06-07 14:39:00+00:00,2025-06-07 14:18:00+00:00,21.0,26.0,Delivered
2025-06-13 08:38:00+00:00,Veg Pulao,O7391,DEBIT CARD,1603.0,2025-06-13 09:09:00+00:00,2025-06-13 08:53:30+00:00,15.5,20.5,Delivered
2025-06-10 23:35:00+00:00,"Burger, French Fries",O9755,E-Wallet,1604.0,2025-06-11 00:06:00+00:00,2025-06-10 23:50:30+00:00,15.5,20.5,Delayed
2025-06-10 06:52:00+00:00,"Burger, Apple Milk Shake",O9561,CREDIT CARD,1605.0,2025-06-10 07:31:00+00:00,2025-06-10 07:11:30+00:00,19.5,24.5,Delivered
2025-06-15 14:04:00+00:00,Medu Vada,O5637,COD,1606.0,2025-06-15 14:30:00+00:00,2025-06-15 14:17:00+00:00,13.0,18.0,Delivered
2025-06-02 03:28:00+00:00,Idli Sambar,O8511,COD,1607.0,2025-06-02 04:19:00+00:00,2025-06-02 03:53:30+00:00,25.5,30.5,Delayed
2025-06-11 18:22:00+00:00,Masal Dosa,O6256,NET BANKING,1608.0,2025-06-11 18:45:00+00:00,2025-06-11 18:33:30+00:00,11.5,16.5,Cancelled
2025-06-02 01:16:00+00:00,Dal Rice Bhaji,O5227,CREDIT CARD,1609.0,2025-06-02 01:37:00+00:00,2025-06-02 01:26:30+00:00,10.5,15.5,Delivered
2025-06-05 07:36:00+00:00,Veg Thali,O9214,E-Wallet,1610.0,2025-06-05 08:18:00+00:00,2025-06-05 07:57:00+00:00,21.0,26.0,Cancelled
2025-06-14 02:23:00+00:00,Dal Khichidi,O8376,COD,1611.0,2025-06-14 03:03:00+00:00,2025-06-14 02:43:00+00:00,20.0,25.0,Cancelled
2025-06-05 20:35:00+00:00,Masal Dosa,O6815,E-Wallet,1612.0,2025-06-05 20:55:00+00:00,2025-06-05 20:45:00+00:00,10.0,15.0,Delayed
2025-06-06 11:43:00+00:00,Sheera,O7320,CREDIT CARD,1613.0,2025-06-06 12:35:00+00:00,2025-06-06 12:09:00+00:00,26.0,31.0,Cancelled
2025-06-09 13:58:00+00:00,Dal Rice,O9695,NET BANKING,1614.0,2025-06-09 14:21:00+00:00,2025-06-09 14:09:30+00:00,11.5,16.5,Delayed
2025-06-05 02:24:00+00:00,Sheera,O5403,DEBIT CARD,1615.0,2025-06-05 02:58:00+00:00,2025-06-05 02:41:00+00:00,17.0,22.0,Delayed
2025-06-15 16:16:00+00:00,Chapati Bhaji,O5963,COD,1616.0,2025-06-15 16:49:00+00:00,2025-06-15 16:32:30+00:00,16.5,21.5,Cancelled
2025-06-05 13:48:00+00:00,"Veg Pulao, Lemon Juice",O5816,UPI,1617.0,2025-06-05 14:37:00+00:00,2025-06-05 14:12:30+00:00,24.5,29.5,Delayed
2025-06-09 01:53:00+00:00,Onion Poha,O5392,CREDIT CARD,1618.0,2025-06-09 02:37:00+00:00,2025-06-09 02:15:00+00:00,22.0,27.0,Delayed
2025-06-03 17:25:00+00:00,Sheera,O10941,UPI,1619.0,2025-06-03 17:50:00+00:00,2025-06-03 17:37:30+00:00,12.5,17.5,Cancelled
2025-06-13 16:38:00+00:00,Upma,O5643,UPI,1620.0,2025-06-13 17:19:00+00:00,2025-06-13 16:58:30+00:00,20.5,25.5,Delayed
2025-06-03 16:01:00+00:00,Masala Uttapam,O8796,NET BANKING,1621.0,2025-06-03 16:31:00+00:00,2025-06-03 16:16:00+00:00,15.0,20.0,Cancelled
2025-06-13 15:23:00+00:00,Onion Poha,O5144,UPI,1622.0,2025-06-13 15:48:00+00:00,2025-06-13 15:35:30+00:00,12.5,17.5,Cancelled
2025-06-05 18:50:00+00:00,Dal Khichidi,O9162,UPI,1623.0,2025-06-05 19:39:00+00:00,2025-06-05 19:14:30+00:00,24.5,29.5,Delayed
2025-06-09 11:02:00+00:00,Chapati Bhaji,O8564,NET BANKING,1624.0,2025-06-09 11:33:00+00:00,2025-06-09 11:17:30+00:00,15.5,20.5,Delayed
2025-06-06 23:41:00+00:00,Dal Rice Bhaji,O5442,UPI,1625.0,2025-06-07 00:36:00+00:00,2025-06-07 00:08:30+00:00,27.5,32.5,Cancelled
2025-06-14 02:12:00+00:00,Veg Thali,O10761,NET BANKING,1626.0,2025-06-14 02:54:00+00:00,2025-06-14 02:33:00+00:00,21.0,26.0,Delayed
2025-06-08 04:35:00+00:00,Chapati Bhaji,O8353,NET BANKING,1627.0,2025-06-08 04:54:00+00:00,2025-06-08 04:44:30+00:00,9.5,14.5,Delayed
2025-06-07 09:06:00+00:00,Medu Vada,O5796,UPI,1628.0,2025-06-07 10:06:00+00:00,2025-06-07 09:06:00+00:00,0.0,5.0,Cancelled
2025-06-03 23:19:00+00:00,Dal Rice Bhaji,O10760,UPI,1629.0,2025-06-04 00:06:00+00:00,2025-06-03 23:42:30+00:00,23.5,28.5,Delayed
2025-06-07 00:34:00+00:00,Masal Dosa,O5323,DEBIT CARD,1630.0,2025-06-07 01:10:00+00:00,2025-06-07 00:52:00+00:00,18.0,23.0,Cancelled
2025-06-01 16:38:00+00:00,Dal Khichidi,O9148,COD,1631.0,2025-06-01 17:22:00+00:00,2025-06-01 17:00:00+00:00,22.0,27.0,Delivered
2025-06-13 00:18:00+00:00,Masal Dosa,O5838,DEBIT CARD,1632.0,2025-06-13 00:59:00+00:00,2025-06-13 00:38:30+00:00,20.5,25.5,Cancelled
2025-06-06 15:13:00+00:00,Masala Uttapam,O9814,CREDIT CARD,1633.0,2025-06-06 15:36:00+00:00,2025-06-06 15:24:30+00:00,11.5,16.5,Delayed
2025-06-03 12:23:00+00:00,Veg Thali,O5658,CREDIT CARD,1634.0,2025-06-03 12:54:00+00:00,2025-06-03 12:38:30+00:00,15.5,20.5,Delayed
2025-06-08 23:30:00+00:00,Medu Vada,O7759,UPI,1635.0,2025-06-08 23:50:00+00:00,2025-06-08 23:40:00+00:00,10.0,15.0,Delivered
2025-06-10 03:46:00+00:00,Onion Poha,O8336,NET BANKING,1636.0,2025-06-10 04:33:00+00:00,2025-06-10 04:09:30+00:00,23.5,28.5,Cancelled
2025-06-11 14:40:00+00:00,Chapati Bhaji,O5051,CREDIT CARD,1637.0,2025-06-11 15:30:00+00:00,2025-06-11 15:05:00+00:00,25.0,30.0,Delivered
2025-06-13 09:28:00+00:00,"Burger, Apple Milk Shake",O7520,E-Wallet,1638.0,2025-06-13 10:02:00+00:00,2025-06-13 09:45:00+00:00,17.0,22.0,Delivered
2025-06-14 07:56:00+00:00,Onion Uttapam,O8150,UPI,1639.0,2025-06-14 08:36:00+00:00,2025-06-14 08:16:00+00:00,20.0,25.0,Cancelled
2025-06-11 18:28:00+00:00,Masal Dosa,O8142,CREDIT CARD,1640.0,2025-06-11 18:47:00+00:00,2025-06-11 18:37:30+00:00,9.5,14.5,Delayed
2025-06-16 04:24:00+00:00,Masal Dosa,O5700,UPI,1641.0,2025-06-16 04:54:00+00:00,2025-06-16 04:39:00+00:00,15.0,20.0,Cancelled
2025-06-04 09:29:00+00:00,Dal Rice,O10236,E-Wallet,1642.0,2025-06-04 09:54:00+00:00,2025-06-04 09:41:30+00:00,12.5,17.5,Cancelled
2025-06-03 15:33:00+00:00,"Veg Pulao, Lemon Juice",O9654,COD,1643.0,2025-06-03 15:57:00+00:00,2025-06-03 15:45:00+00:00,12.0,17.0,Delayed
2025-06-11 21:53:00+00:00,Dal Khichidi,O9233,DEBIT CARD,1644.0,2025-06-11 22:12:00+00:00,2025-06-11 22:02:30+00:00,9.5,14.5,Delivered
2025-06-06 07:29:00+00:00,Medu Vada,O8174,E-Wallet,1645.0,2025-06-06 08:15:00+00:00,2025-06-06 07:52:00+00:00,23.0,28.0,Delayed
2025-06-10 00:16:00+00:00,Dal Rice,O5563,UPI,1646.0,2025-06-10 00:47:00+00:00,2025-06-10 00:31:30+00:00,15.5,20.5,Cancelled
2025-06-14 09:48:00+00:00,Masala Uttapam,O6171,COD,1647.0,2025-06-14 10:10:00+00:00,2025-06-14 09:59:00+00:00,11.0,16.0,Cancelled
2025-06-06 13:21:00+00:00,Medu Vada,O5802,DEBIT CARD,1648.0,2025-06-06 13:53:00+00:00,2025-06-06 13:37:00+00:00,16.0,21.0,Cancelled
2025-06-10 03:53:00+00:00,Medu Vada,O5033,COD,1649.0,2025-06-10 04:41:00+00:00,2025-06-10 04:17:00+00:00,24.0,29.0,Delivered
2025-06-12 19:21:00+00:00,Chapati Bhaji,O5699,CREDIT CARD,1650.0,2025-06-12 20:05:00+00:00,2025-06-12 19:43:00+00:00,22.0,27.0,Delivered
2025-06-06 20:28:00+00:00,"Burger, French Fries",O5537,COD,1651.0,2025-06-06 21:13:00+00:00,2025-06-06 20:50:30+00:00,22.5,27.5,Delayed
2025-06-14 17:21:00+00:00,"Burger, Apple Milk Shake",O9153,E-Wallet,1652.0,2025-06-14 17:44:00+00:00,2025-06-14 17:32:30+00:00,11.5,16.5,Cancelled
2025-06-02 14:18:00+00:00,Dal Rice,O9819,UPI,1653.0,2025-06-02 14:42:00+00:00,2025-06-02 14:30:00+00:00,12.0,17.0,Delivered
2025-06-12 21:21:00+00:00,"Veg Pulao, Lemon Juice",O7047,COD,1654.0,2025-06-12 22:03:00+00:00,2025-06-12 21:42:00+00:00,21.0,26.0,Delayed
2025-06-02 17:56:00+00:00,Onion Uttapam,O7678,E-Wallet,1655.0,2025-06-02 18:53:00+00:00,2025-06-02 18:24:30+00:00,28.5,33.5,Cancelled
2025-06-16 07:23:00+00:00,Medu Vada,O9491,DEBIT CARD,1656.0,2025-06-16 08:04:00+00:00,2025-06-16 07:43:30+00:00,20.5,25.5,Cancelled
2025-06-16 08:57:00+00:00,Masal Dosa,O9614,COD,1657.0,2025-06-16 09:28:00+00:00,2025-06-16 09:12:30+00:00,15.5,20.5,Delivered
2025-06-09 02:02:00+00:00,"Burger, French Fries",O6608,NET BANKING,1658.0,2025-06-09 02:55:00+00:00,2025-06-09 02:28:30+00:00,26.5,31.5,Delayed
2025-06-11 13:59:00+00:00,Chapati Bhaji,O7112,NET BANKING,1659.0,2025-06-11 14:43:00+00:00,2025-06-11 14:21:00+00:00,22.0,27.0,Delivered
,,,,,,,,,Cancelled
,,,,,,,,,Delayed
,,,,,,,,,Delivered
,,,,,,,,,Cancelled
,,,,,,,,,Delayed
,,,,,,,,,Delayed
,,,,,,,,,Delayed
,,,,,,,,,Delivered
,,,,,,,,,Delivered
,,,,,,,,,Delayed
,,,,,,,,,Delivered
,,,,,,,,,Cancelled
,,,,,,,,,Delivered
,,,,,,,,,Delayed
,,,,,,,,,Delayed
,,,,,,,,,Cancelled
,,,,,,,,,Cancelled
,,,,,,,,,Delivered
,,,,,,,,,Delayed
,,,,,,,,,Delivered
,,,,,,,,,Cancelled
,,,,,,,,,Cancelled
,,,,,,,,,Delayed
,,,,,,,,,Cancelled
,,,,,,,,,Cancelled
,,,,,,,,,Cancelled
,,,,,,,,,Delayed
,,,,,,,,,Delivered
,,,,,,,,,Delivered
,,,,,,,,,Delayed
,,,,,,,,,Delayed
,,,,,,,,,Delayed
,,,,,,,,,Delivered
,,,,,,,,,Cancelled
,,,,,,,,,Delivered
,,,,,,,,,Cancelled
,,,,,,,,,Cancelled
,,,,,,,,,Delivered
,,,,,,,,,Cancelled
,,,,,,,,,Delayed
