,Order_Time,item_in_order,order_id
0,2025-06-16 08:32:00+00:00,Onion Uttapam,O9663
1,2025-06-09 17:34:00+00:00,Dal Khichidi,O7579
2,2025-06-15 01:14:00+00:00,Veg Pulao,O10144
3,2025-06-13 04:32:00+00:00,Onion Poha,O10250
4,2025-06-12 20:49:00+00:00,Onion Uttapam,O6827
5,2025-06-07 07:29:00+00:00,"Burger, French Fries",O7588
6,2025-06-15 12:13:00+00:00,Upma,O10818
7,2025-06-08 05:29:00+00:00,Veg Pasta,O6727
8,2025-06-05 08:34:00+00:00,Masal Dosa,O10668
9,2025-06-04 09:49:00+00:00,Chapati Bhaji,O7775
10,2025-06-13 22:24:00+00:00,Dal Rice Bhaji,O9340
11,2025-06-12 02:49:00+00:00,"Veg Pulao, Lemon Juice",O6631
12,2025-06-06 16:15:00+00:00,Chapati Bhaji,O5434
13,2025-06-09 09:08:00+00:00,Veg Thali,O9834
14,2025-06-06 04:27:00+00:00,"Veg Pulao, Lemon Juice",O9621
15,2025-06-06 07:43:00+00:00,"Burger, Apple Milk Shake",O5847
16,2025-06-15 05:58:00+00:00,Onion Uttapam,O8407
17,2025-06-06 03:39:00+00:00,"Burger, Apple Milk Shake",O7321
18,2025-06-02 11:01:00+00:00,Onion Uttapam,O8699
19,2025-06-12 15:57:00+00:00,Chapati Bhaji,O6280
20,2025-06-03 17:28:00+00:00,Veg Thali,O9067
21,2025-06-09 22:14:00+00:00,Veg Pasta,O7605
22,2025-06-07 15:55:00+00:00,Sheera,O9563
23,2025-06-09 14:02:00+00:00,Masala Uttapam,O8516
24,2025-06-10 04:37:00+00:00,Sheera,O10262
25,2025-06-07 23:48:00+00:00,Veg Pulao,O10159
26,2025-06-07 07:14:00+00:00,Chapati Bhaji,O10356
27,2025-06-13 17:21:00+00:00,Idli Sambar,O10702
28,2025-06-04 07:35:00+00:00,Masal Dosa,O8264
29,2025-06-13 05:03:00+00:00,"Veg Pulao, Lemon Juice",O9094
30,2025-06-06 07:05:00+00:00,"Burger, French Fries",O10705
31,2025-06-03 23:25:00+00:00,"Burger, French Fries",O6408
32,2025-06-04 08:01:00+00:00,Medu Vada,O10304
33,2025-06-12 00:44:00+00:00,Masala Uttapam,O5774
34,2025-06-12 08:05:00+00:00,Veg Pulao,O8155
35,2025-06-05 18:42:00+00:00,Dal Khichidi,O6697
36,2025-06-15 12:43:00+00:00,Veg Pulao,O8637
37,2025-06-10 20:38:00+00:00,"Burger, French Fries",O10176
38,2025-06-02 05:07:00+00:00,Chapati Bhaji,O9325
39,2025-06-16 01:47:00+00:00,Masala Uttapam,O5852
40,2025-06-11 04:20:00+00:00,Upma,O10045
41,2025-06-16 02:35:00+00:00,Masala Uttapam,O7851
42,2025-06-15 00:32:00+00:00,Masal Dosa,O9317
43,2025-06-10 16:24:00+00:00,Dal Rice,O10829
44,2025-06-14 07:11:00+00:00,Masal Dosa,O10751
45,2025-06-07 17:25:00+00:00,Onion Poha,O10537
46,2025-06-05 20:57:00+00:00,Masala Uttapam,O7880
47,2025-06-07 02:02:00+00:00,Veg Pasta,O6560
48,2025-06-09 08:46:00+00:00,Onion Poha,O9470
49,2025-06-10 17:06:00+00:00,Veg Thali,O10709
50,2025-06-07 15:57:00+00:00,Onion Uttapam,O7680
51,2025-06-06 15:55:00+00:00,Idli Sambar,O5901
52,2025-06-02 14:48:00+00:00,"Burger, French Fries",O9537
53,2025-06-10 02:40:00+00:00,"Veg Pulao, Lemon Juice",O9859
54,2025-06-09 06:39:00+00:00,"Burger, Apple Milk Shake",O5664
55,2025-06-12 16:11:00+00:00,Veg Thali,O6266
56,2025-06-15 14:12:00+00:00,Masal Dosa,O10889
57,2025-06-03 05:28:00+00:00,Dal Khichidi,O7716
58,2025-06-12 08:39:00+00:00,Sheera,O6219
59,2025-06-14 06:15:00+00:00,Veg Thali,O6374
60,2025-06-05 11:32:00+00:00,Idli Sambar,O10072
61,2025-06-15 02:22:00+00:00,Masala Uttapam,O7667
62,2025-06-06 12:32:00+00:00,"Burger, French Fries",O9415
63,2025-06-13 10:30:00+00:00,Upma,O8627
64,2025-06-14 03:41:00+00:00,Onion Poha,O10247
65,2025-06-09 17:08:00+00:00,Dal Khichidi,O5697
66,2025-06-07 00:32:00+00:00,Veg Pulao,O5578
67,2025-06-12 05:12:00+00:00,Dal Rice,O6037
68,2025-06-04 17:40:00+00:00,Masala Uttapam,O6504
69,2025-06-07 06:22:00+00:00,Idli Sambar,O10599
70,2025-06-09 10:57:00+00:00,Onion Poha,O9297
71,2025-06-07 04:40:00+00:00,Dal Rice,O6561
72,2025-06-08 09:52:00+00:00,Chapati Bhaji,O8894
73,2025-06-12 05:03:00+00:00,"Veg Pulao, Lemon Juice",O7408
74,2025-06-10 21:15:00+00:00,Masala Uttapam,O7610
75,2025-06-03 04:54:00+00:00,Dal Khichidi,O7940
76,2025-06-06 21:22:00+00:00,Onion Poha,O8569
77,2025-06-11 06:57:00+00:00,Veg Thali,O6401
78,2025-06-03 23:30:00+00:00,"Veg Pulao, Lemon Juice",O6570
79,2025-06-09 06:40:00+00:00,Dal Khichidi,O9477
80,2025-06-08 02:43:00+00:00,Masal Dosa,O8655
81,2025-06-04 15:36:00+00:00,Sheera,O9781
82,2025-06-08 16:00:00+00:00,Masal Dosa,O8486
83,2025-06-03 04:05:00+00:00,Masala Uttapam,O9833
84,2025-06-04 04:12:00+00:00,Veg Thali,O6921
85,2025-06-01 11:28:00+00:00,Veg Pulao,O6525
86,2025-06-10 19:25:00+00:00,Veg Pulao,O7575
87,2025-06-15 21:32:00+00:00,Masala Uttapam,O5749
88,2025-06-05 10:35:00+00:00,"Burger, Apple Milk Shake",O5726
89,2025-06-06 06:51:00+00:00,Veg Pulao,O5256
90,2025-06-03 19:24:00+00:00,Dal Rice,O6483
91,2025-06-04 18:08:00+00:00,"Burger, French Fries",O5988
92,2025-06-09 19:53:00+00:00,Dal Rice Bhaji,O10973
93,2025-06-10 22:03:00+00:00,Onion Poha,O10758
94,2025-06-11 10:39:00+00:00,"Burger, French Fries",O5587
95,2025-06-03 10:09:00+00:00,Veg Thali,O7335
96,2025-06-09 04:47:00+00:00,Veg Pulao,O8794
97,2025-06-02 05:39:00+00:00,Idli Sambar,O10507
98,2025-06-11 20:10:00+00:00,Chapati Bhaji,O8583
99,2025-06-03 03:52:00+00:00,Medu Vada,O8263
100,2025-06-09 00:30:00+00:00,Upma,O5437
101,2025-06-06 06:11:00+00:00,Dal Rice Bhaji,O6463
102,2025-06-10 16:55:00+00:00,"Burger, French Fries",O8162
103,2025-06-09 04:34:00+00:00,"Veg Pulao, Lemon Juice",O7399
104,2025-06-07 21:30:00+00:00,Onion Poha,O6498
105,2025-06-12 12:41:00+00:00,Veg Thali,O9198
106,2025-06-08 09:28:00+00:00,"Burger, Apple Milk Shake",O8541
107,2025-06-15 08:21:00+00:00,"Burger, French Fries",O8647
108,2025-06-12 10:26:00+00:00,Masal Dosa,O10811
109,2025-06-03 22:37:00+00:00,Veg Thali,O10822
110,2025-06-07 14:36:00+00:00,Idli Sambar,O9388
111,2025-06-05 19:39:00+00:00,"Burger, French Fries",O6644
112,2025-06-09 01:43:00+00:00,Medu Vada,O5398
113,2025-06-04 19:00:00+00:00,Upma,O6559
114,2025-06-06 04:28:00+00:00,Veg Pulao,O6976
115,2025-06-10 12:54:00+00:00,Onion Uttapam,O7411
116,2025-06-14 12:07:00+00:00,Idli Sambar,O9993
117,2025-06-15 10:01:00+00:00,Masala Uttapam,O8143
118,2025-06-12 21:49:00+00:00,Onion Poha,O9674
119,2025-06-09 19:56:00+00:00,"Burger, Apple Milk Shake",O7700
120,2025-06-08 17:33:00+00:00,Upma,O8716
121,2025-06-08 20:30:00+00:00,Masal Dosa,O6441
122,2025-06-11 10:26:00+00:00,Masala Uttapam,O9248
123,2025-06-13 16:40:00+00:00,Veg Thali,O8128
124,2025-06-03 05:34:00+00:00,Veg Pulao,O10971
125,2025-06-04 11:44:00+00:00,Veg Pulao,O5601
126,2025-06-07 13:48:00+00:00,Onion Uttapam,O5198
127,2025-06-16 07:37:00+00:00,Veg Thali,O9420
128,2025-06-14 20:39:00+00:00,Veg Pasta,O5562
129,2025-06-11 18:16:00+00:00,Onion Uttapam,O9278
130,2025-06-09 09:49:00+00:00,Medu Vada,O10208
131,2025-06-04 19:54:00+00:00,Veg Pulao,O9221
132,2025-06-10 16:09:00+00:00,Upma,O6974
133,2025-06-11 14:53:00+00:00,Veg Thali,O9439
134,2025-06-03 05:23:00+00:00,Masala Uttapam,O10231
135,2025-06-09 08:38:00+00:00,Masal Dosa,O10960
136,2025-06-11 21:59:00+00:00,"Burger, French Fries",O5797
137,2025-06-03 11:42:00+00:00,Chapati Bhaji,O7282
138,2025-06-15 01:47:00+00:00,Dal Khichidi,O8582
139,2025-06-07 12:01:00+00:00,Veg Pulao,O10168
140,2025-06-11 23:35:00+00:00,Sheera,O7504
141,2025-06-03 10:10:00+00:00,Veg Thali,O10990
142,2025-06-14 12:39:00+00:00,Upma,O6390
143,2025-06-14 03:25:00+00:00,Dal Khichidi,O10720
144,2025-06-02 03:30:00+00:00,Masal Dosa,O5211
145,2025-06-06 22:14:00+00:00,Dal Rice Bhaji,O6580
146,2025-06-08 05:45:00+00:00,Masala Uttapam,O10981
147,2025-06-09 16:33:00+00:00,Idli Sambar,O5057
148,2025-06-06 16:45:00+00:00,Veg Pulao,O9963
149,2025-06-13 16:59:00+00:00,Chapati Bhaji,O8283
150,2025-06-07 07:23:00+00:00,Masala Uttapam,O10133
151,2025-06-03 14:59:00+00:00,Veg Pulao,O7084
152,2025-06-12 12:19:00+00:00,Dal Rice,O5136
153,2025-06-03 18:31:00+00:00,"Veg Pulao, Lemon Juice",O7264
154,2025-06-04 15:40:00+00:00,Onion Uttapam,O9259
155,2025-06-13 02:41:00+00:00,Dal Khichidi,O7988
156,2025-06-01 19:39:00+00:00,"Burger, Apple Milk Shake",O7342
157,2025-06-14 01:29:00+00:00,Sheera,O6742
158,2025-06-01 15:04:00+00:00,Masala Uttapam,O7888
159,2025-06-04 22:16:00+00:00,Masala Uttapam,O8775
160,2025-06-06 09:17:00+00:00,Veg Pulao,O10445
161,2025-06-05 00:45:00+00:00,Onion Poha,O8524
162,2025-06-15 19:28:00+00:00,Veg Pulao,O9779
163,2025-06-13 07:07:00+00:00,Veg Thali,O10969
164,2025-06-10 16:45:00+00:00,Upma,O9748
165,2025-06-05 14:10:00+00:00,"Burger, French Fries",O8325
166,2025-06-08 04:36:00+00:00,Dal Rice Bhaji,O10589
167,2025-06-03 11:57:00+00:00,Onion Poha,O8771
168,2025-06-09 02:05:00+00:00,Onion Uttapam,O9678
169,2025-06-02 22:25:00+00:00,"Burger, Apple Milk Shake",O8838
170,2025-06-03 15:52:00+00:00,"Burger, French Fries",O9797
171,2025-06-02 20:44:00+00:00,"Veg Pulao, Lemon Juice",O10721
172,2025-06-02 23:53:00+00:00,Sheera,O9240
173,2025-06-04 23:37:00+00:00,Dal Rice Bhaji,O10217
174,2025-06-11 04:14:00+00:00,Veg Thali,O6176
175,2025-06-01 12:53:00+00:00,Chapati Bhaji,O9475
176,2025-06-08 05:48:00+00:00,Sheera,O7710
177,2025-06-14 19:18:00+00:00,Onion Poha,O7538
178,2025-06-08 08:36:00+00:00,Veg Pulao,O9809
179,2025-06-04 01:07:00+00:00,Dal Rice Bhaji,O5622
180,2025-06-14 19:19:00+00:00,Dal Rice Bhaji,O7884
181,2025-06-10 09:36:00+00:00,Dal Rice Bhaji,O9616
182,2025-06-14 02:55:00+00:00,"Veg Pulao, Lemon Juice",O9756
183,2025-06-10 09:12:00+00:00,Dal Khichidi,O6881
184,2025-06-09 19:09:00+00:00,Veg Thali,O5336
185,2025-06-09 17:26:00+00:00,Onion Poha,O6181
186,2025-06-08 21:22:00+00:00,Veg Pasta,O10890
187,2025-06-11 07:48:00+00:00,Onion Poha,O6884
188,2025-06-07 22:52:00+00:00,Medu Vada,O8387
189,2025-06-10 09:35:00+00:00,Dal Rice,O8251
190,2025-06-15 05:03:00+00:00,Veg Pulao,O8218
191,2025-06-06 02:19:00+00:00,Veg Thali,O8151
192,2025-06-12 11:44:00+00:00,Medu Vada,O7471
193,2025-06-03 16:51:00+00:00,Idli Sambar,O5224
194,2025-06-08 21:43:00+00:00,Onion Uttapam,O5063
195,2025-06-03 07:31:00+00:00,Idli Sambar,O9818
196,2025-06-09 07:17:00+00:00,"Burger, Apple Milk Shake",O6565
197,2025-06-06 14:59:00+00:00,Masala Uttapam,O6778
198,2025-06-09 03:06:00+00:00,Dal Rice,O9897
199,2025-06-10 23:53:00+00:00,Medu Vada,O6138
200,2025-06-12 03:07:00+00:00,Veg Pasta,O8042
201,2025-06-10 03:53:00+00:00,"Burger, Apple Milk Shake",O7274
202,2025-06-07 18:24:00+00:00,Upma,O7749
203,2025-06-05 06:49:00+00:00,Veg Thali,O7499
204,2025-06-11 20:07:00+00:00,Chapati Bhaji,O10421
205,2025-06-10 21:39:00+00:00,Chapati Bhaji,O9576
206,2025-06-14 02:35:00+00:00,Onion Poha,O6814
207,2025-06-07 02:32:00+00:00,Sheera,O7055
208,2025-06-16 01:19:00+00:00,Dal Rice,O8317
209,2025-06-14 06:57:00+00:00,Veg Pasta,O8846
210,2025-06-08 11:00:00+00:00,Dal Khichidi,O10259
211,2025-06-14 09:01:00+00:00,Onion Poha,O10853
212,2025-06-06 15:02:00+00:00,Onion Poha,O6668
213,2025-06-07 03:55:00+00:00,Veg Thali,O10614
214,2025-06-04 08:54:00+00:00,Masala Uttapam,O5987
215,2025-06-11 22:25:00+00:00,Masal Dosa,O10892
216,2025-06-10 05:35:00+00:00,Dal Rice,O8504
217,2025-06-12 14:10:00+00:00,"Burger, Apple Milk Shake",O6489
218,2025-06-15 22:32:00+00:00,Sheera,O6211
219,2025-06-02 13:38:00+00:00,Sheera,O10618
220,2025-06-08 19:28:00+00:00,Sheera,O6391
221,2025-06-09 14:19:00+00:00,"Veg Pulao, Lemon Juice",O10714
222,2025-06-13 22:00:00+00:00,Chapati Bhaji,O5503
223,2025-06-06 00:51:00+00:00,Sheera,O8874
224,2025-06-16 01:41:00+00:00,"Veg Pulao, Lemon Juice",O7466
225,2025-06-05 10:19:00+00:00,"Veg Pulao, Lemon Juice",O6365
226,2025-06-13 19:21:00+00:00,Chapati Bhaji,O9556
227,2025-06-06 20:11:00+00:00,"Burger, French Fries",O8885
228,2025-06-09 23:14:00+00:00,Dal Khichidi,O9394
229,2025-06-02 04:37:00+00:00,Medu Vada,O7142
230,2025-06-05 22:52:00+00:00,Idli Sambar,O6137
231,2025-06-14 10:08:00+00:00,Veg Pulao,O10136
232,2025-06-14 15:36:00+00:00,"Burger, Apple Milk Shake",O5869
233,2025-06-11 05:16:00+00:00,Idli Sambar,O6819
234,2025-06-01 12:55:00+00:00,Veg Pulao,O7273
235,2025-06-10 06:26:00+00:00,Veg Pulao,O10215
236,2025-06-02 17:18:00+00:00,Dal Rice Bhaji,O7769
237,2025-06-12 18:13:00+00:00,Chapati Bhaji,O6087
238,2025-06-15 16:52:00+00:00,Dal Rice,O8242
239,2025-06-11 05:40:00+00:00,Idli Sambar,O6451
240,2025-06-03 17:34:00+00:00,Masal Dosa,O10108
241,2025-06-10 01:04:00+00:00,Dal Rice,O8385
242,2025-06-11 20:37:00+00:00,"Veg Pulao, Lemon Juice",O10984
243,2025-06-13 03:11:00+00:00,"Veg Pulao, Lemon Juice",O5798
244,2025-06-05 16:11:00+00:00,Dal Khichidi,O8327
245,2025-06-13 06:06:00+00:00,Veg Pulao,O10386
246,2025-06-09 17:04:00+00:00,Medu Vada,O5447
247,2025-06-09 16:39:00+00:00,Masala Uttapam,O10757
248,2025-06-06 13:23:00+00:00,Idli Sambar,O9169
249,2025-06-16 08:59:00+00:00,Onion Uttapam,O9518
250,2025-06-06 09:03:00+00:00,"Veg Pulao, Lemon Juice",O10678
251,2025-06-08 13:55:00+00:00,Veg Pasta,O10478
252,2025-06-08 17:09:00+00:00,Onion Poha,O7350
253,2025-06-09 14:35:00+00:00,Dal Rice Bhaji,O6500
254,2025-06-12 06:11:00+00:00,Veg Pulao,O7111
255,2025-06-14 02:42:00+00:00,Masal Dosa,O9293
256,2025-06-14 17:48:00+00:00,Veg Pulao,O10324
257,2025-06-03 08:18:00+00:00,Idli Sambar,O6987
258,2025-06-14 00:04:00+00:00,Veg Pasta,O6628
259,2025-06-10 01:28:00+00:00,"Burger, Apple Milk Shake",O7793
260,2025-06-09 05:11:00+00:00,Sheera,O10202
261,2025-06-09 15:54:00+00:00,Masala Uttapam,O10106
262,2025-06-06 10:48:00+00:00,Chapati Bhaji,O9330
263,2025-06-07 10:47:00+00:00,Medu Vada,O10975
264,2025-06-08 13:39:00+00:00,Idli Sambar,O5898
265,2025-06-08 22:14:00+00:00,Masala Uttapam,O9787
266,2025-06-11 06:03:00+00:00,Veg Thali,O7576
267,2025-06-07 17:54:00+00:00,Veg Thali,O9178
268,2025-06-06 21:11:00+00:00,Onion Poha,O9304
269,2025-06-13 22:41:00+00:00,Dal Rice,O6152
270,2025-06-12 18:11:00+00:00,Dal Rice,O10907
271,2025-06-09 13:13:00+00:00,Veg Pulao,O8821
272,2025-06-07 06:03:00+00:00,Upma,O10128
273,2025-06-12 01:18:00+00:00,Chapati Bhaji,O6558
274,2025-06-05 13:53:00+00:00,Sheera,O5166
275,2025-06-04 03:58:00+00:00,Upma,O9900
276,2025-06-08 22:09:00+00:00,Veg Pulao,O6012
277,2025-06-06 00:08:00+00:00,"Burger, French Fries",O8125
278,2025-06-08 11:45:00+00:00,Medu Vada,O9252
279,2025-06-01 20:44:00+00:00,"Veg Pulao, Lemon Juice",O8523
280,2025-06-16 02:05:00+00:00,Masal Dosa,O9438
281,2025-06-10 18:18:00+00:00,Masal Dosa,O10139
282,2025-06-12 10:03:00+00:00,Dal Khichidi,O8596
283,2025-06-05 04:12:00+00:00,Masal Dosa,O6979
284,2025-06-14 17:15:00+00:00,Sheera,O6632
285,2025-06-14 03:34:00+00:00,Onion Poha,O10272
286,2025-06-02 01:12:00+00:00,Idli Sambar,O9103
287,2025-06-09 00:16:00+00:00,Sheera,O5808
288,2025-06-07 17:44:00+00:00,Dal Rice,O5855
289,2025-06-14 18:35:00+00:00,Upma,O5465
290,2025-06-03 18:01:00+00:00,Dal Khichidi,O7294
291,2025-06-07 04:41:00+00:00,Chapati Bhaji,O10909
292,2025-06-09 14:35:00+00:00,"Burger, French Fries",O10585
293,2025-06-08 19:09:00+00:00,Masal Dosa,O5822
294,2025-06-07 00:14:00+00:00,Masal Dosa,O8925
295,2025-06-14 23:25:00+00:00,Dal Rice,O9706
296,2025-06-07 07:00:00+00:00,Veg Pasta,O7841
297,2025-06-16 06:36:00+00:00,Masal Dosa,O8102
298,2025-06-13 12:00:00+00:00,Dal Khichidi,O9025
299,2025-06-09 19:18:00+00:00,Masal Dosa,O10632
300,2025-06-12 18:18:00+00:00,Veg Pasta,O7647
301,2025-06-08 12:09:00+00:00,Dal Rice Bhaji,O10005
302,2025-06-06 20:31:00+00:00,"Burger, Apple Milk Shake",O5523
303,2025-06-13 12:33:00+00:00,Onion Uttapam,O5655
304,2025-06-07 08:48:00+00:00,Idli Sambar,O9253
305,2025-06-05 01:10:00+00:00,Upma,O6545
306,2025-06-14 23:10:00+00:00,Onion Poha,O8166
307,2025-06-03 15:51:00+00:00,"Burger, French Fries",O8343
308,2025-06-07 23:55:00+00:00,Chapati Bhaji,O9348
309,2025-06-04 11:25:00+00:00,Onion Uttapam,O10847
310,2025-06-01 17:04:00+00:00,Onion Poha,O5079
311,2025-06-04 23:15:00+00:00,Sheera,O9295
312,2025-06-05 11:56:00+00:00,Dal Rice Bhaji,O7438
313,2025-06-09 23:39:00+00:00,Sheera,O7118
314,2025-06-14 06:35:00+00:00,Veg Thali,O9973
315,2025-06-13 03:52:00+00:00,Veg Pasta,O7012
316,2025-06-05 18:05:00+00:00,Medu Vada,O7516
317,2025-06-05 23:18:00+00:00,Upma,O10526
318,2025-06-15 18:09:00+00:00,Onion Poha,O5119
319,2025-06-04 18:24:00+00:00,Dal Rice Bhaji,O5969
320,2025-06-13 12:50:00+00:00,Veg Thali,O9085
321,2025-06-13 05:13:00+00:00,Dal Rice,O10450
322,2025-06-03 22:35:00+00:00,Onion Uttapam,O8199
323,2025-06-01 21:11:00+00:00,Onion Poha,O6226
324,2025-06-05 22:43:00+00:00,Masala Uttapam,O6217
325,2025-06-14 10:51:00+00:00,Dal Khichidi,O6898
326,2025-06-13 06:44:00+00:00,Masala Uttapam,O5978
327,2025-06-09 00:17:00+00:00,Upma,O6753
328,2025-06-09 02:17:00+00:00,Masala Uttapam,O6125
329,2025-06-13 15:43:00+00:00,Veg Pulao,O5594
330,2025-06-12 16:08:00+00:00,Dal Rice,O7655
331,2025-06-13 09:53:00+00:00,"Burger, Apple Milk Shake",O7763
332,2025-06-06 19:12:00+00:00,"Veg Pulao, Lemon Juice",O10549
333,2025-06-05 07:54:00+00:00,Dal Khichidi,O6912
334,2025-06-05 09:31:00+00:00,Masal Dosa,O7731
335,2025-06-14 02:46:00+00:00,Masala Uttapam,O6879
336,2025-06-02 02:41:00+00:00,Veg Pulao,O8918
337,2025-06-13 00:41:00+00:00,Dal Rice Bhaji,O7659
338,2025-06-13 00:49:00+00:00,Masal Dosa,O8337
339,2025-06-13 04:56:00+00:00,Veg Thali,O6187
340,2025-06-10 20:36:00+00:00,Medu Vada,O6000
341,2025-06-09 20:41:00+00:00,"Veg Pulao, Lemon Juice",O5059
342,2025-06-03 22:23:00+00:00,Dal Rice Bhaji,O9757
343,2025-06-04 18:02:00+00:00,Sheera,O7253
344,2025-06-11 19:35:00+00:00,Onion Poha,O8557
345,2025-06-07 14:08:00+00:00,Dal Rice Bhaji,O10651
346,2025-06-09 06:34:00+00:00,Dal Rice Bhaji,O10730
347,2025-06-10 22:26:00+00:00,Medu Vada,O10603
348,2025-06-13 16:03:00+00:00,Medu Vada,O10715
349,2025-06-01 16:19:00+00:00,Veg Pasta,O5616
350,2025-06-15 11:55:00+00:00,"Veg Pulao, Lemon Juice",O5678
351,2025-06-05 13:06:00+00:00,Dal Khichidi,O7629
352,2025-06-02 15:41:00+00:00,Masal Dosa,O10039
353,2025-06-07 15:34:00+00:00,Chapati Bhaji,O6243
354,2025-06-13 20:34:00+00:00,Veg Pasta,O10580
355,2025-06-08 03:10:00+00:00,Masala Uttapam,O10536
356,2025-06-07 11:48:00+00:00,Dal Rice,O10331
357,2025-06-13 19:29:00+00:00,Sheera,O7531
358,2025-06-01 22:20:00+00:00,Dal Rice,O7652
359,2025-06-14 12:13:00+00:00,Onion Uttapam,O9753
360,2025-06-06 03:08:00+00:00,Medu Vada,O6875
361,2025-06-15 22:15:00+00:00,Masala Uttapam,O7524
362,2025-06-05 00:17:00+00:00,Sheera,O9100
363,2025-06-01 23:10:00+00:00,Chapati Bhaji,O6737
364,2025-06-15 00:24:00+00:00,Veg Pulao,O8097
365,2025-06-10 01:25:00+00:00,"Burger, French Fries",O10671
366,2025-06-06 08:19:00+00:00,Dal Rice Bhaji,O6706
367,2025-06-14 20:00:00+00:00,Sheera,O7564
368,2025-06-07 13:34:00+00:00,Onion Uttapam,O6334
369,2025-06-05 14:22:00+00:00,Veg Thali,O6228
370,2025-06-03 00:43:00+00:00,Upma,O5263
371,2025-06-04 19:00:00+00:00,Veg Pasta,O9919
372,2025-06-09 23:43:00+00:00,Veg Pulao,O9319
373,2025-06-10 16:20:00+00:00,Veg Thali,O5928
374,2025-06-10 15:04:00+00:00,Dal Rice,O7326
375,2025-06-15 19:35:00+00:00,Dal Khichidi,O10233
376,2025-06-01 12:55:00+00:00,Onion Poha,O8980
377,2025-06-03 00:24:00+00:00,Dal Rice,O6936
378,2025-06-03 15:05:00+00:00,Chapati Bhaji,O10789
379,2025-06-02 11:19:00+00:00,Dal Rice Bhaji,O7639
380,2025-06-02 10:29:00+00:00,Chapati Bhaji,O5309
381,2025-06-13 04:50:00+00:00,Sheera,O10740
382,2025-06-14 16:53:00+00:00,Masala Uttapam,O6919
383,2025-06-02 20:03:00+00:00,Veg Pulao,O7668
384,2025-06-14 22:09:00+00:00,"Burger, French Fries",O9081
385,2025-06-15 23:03:00+00:00,Veg Thali,O6845
386,2025-06-05 05:11:00+00:00,Onion Uttapam,O6562
387,2025-06-13 02:29:00+00:00,Dal Rice Bhaji,O5066
388,2025-06-14 18:05:00+00:00,Idli Sambar,O8331
389,2025-06-12 10:41:00+00:00,Dal Rice,O5363
390,2025-06-16 01:24:00+00:00,Masala Uttapam,O7925
391,2025-06-03 08:46:00+00:00,Sheera,O6825
392,2025-06-03 03:34:00+00:00,Medu Vada,O9367
393,2025-06-03 19:58:00+00:00,Chapati Bhaji,O10598
394,2025-06-16 08:14:00+00:00,Masala Uttapam,O5821
395,2025-06-04 13:46:00+00:00,Masal Dosa,O8089
396,2025-06-01 10:37:00+00:00,Onion Poha,O8410
397,2025-06-05 00:56:00+00:00,"Burger, French Fries",O6444
398,2025-06-11 22:29:00+00:00,Masala Uttapam,O6301
399,2025-06-16 02:01:00+00:00,Veg Pasta,O6612
400,2025-06-10 14:53:00+00:00,Veg Pasta,O7171
401,2025-06-15 05:14:00+00:00,Upma,O8404
402,2025-06-04 15:23:00+00:00,Sheera,O7590
403,2025-06-10 06:59:00+00:00,"Burger, French Fries",O7003
404,2025-06-05 21:38:00+00:00,Veg Thali,O10673
405,2025-06-13 15:29:00+00:00,Onion Poha,O10877
406,2025-06-09 04:17:00+00:00,Onion Poha,O6321
407,2025-06-09 04:23:00+00:00,Dal Khichidi,O6666
408,2025-06-03 10:22:00+00:00,Veg Thali,O7518
409,2025-06-09 06:52:00+00:00,Veg Thali,O10016
410,2025-06-05 08:33:00+00:00,Upma,O9934
411,2025-06-13 08:21:00+00:00,Sheera,O9728
412,2025-06-03 21:36:00+00:00,Onion Uttapam,O5788
413,2025-06-13 04:40:00+00:00,Sheera,O7222
414,2025-06-14 14:45:00+00:00,"Veg Pulao, Lemon Juice",O9533
415,2025-06-07 12:03:00+00:00,Onion Uttapam,O8745
416,2025-06-14 21:40:00+00:00,Onion Uttapam,O5893
417,2025-06-12 02:04:00+00:00,Onion Poha,O8847
418,2025-06-02 23:39:00+00:00,"Burger, Apple Milk Shake",O8154
419,2025-06-02 07:17:00+00:00,Idli Sambar,O8686
420,2025-06-14 09:30:00+00:00,Onion Poha,O5086
421,2025-06-08 06:01:00+00:00,"Burger, Apple Milk Shake",O10905
422,2025-06-10 05:22:00+00:00,Upma,O9619
423,2025-06-03 22:05:00+00:00,Onion Uttapam,O10059
424,2025-06-07 19:08:00+00:00,"Burger, French Fries",O6462
425,2025-06-15 08:30:00+00:00,Chapati Bhaji,O8816
426,2025-06-16 03:55:00+00:00,Masal Dosa,O5277
427,2025-06-11 04:23:00+00:00,Onion Poha,O5330
428,2025-06-04 03:31:00+00:00,Veg Pasta,O7582
429,2025-06-05 18:00:00+00:00,Onion Poha,O8318
430,2025-06-09 23:10:00+00:00,"Burger, French Fries",O6909
431,2025-06-10 21:35:00+00:00,"Burger, French Fries",O5647
432,2025-06-06 18:52:00+00:00,Dal Rice Bhaji,O8235
433,2025-06-03 07:53:00+00:00,Veg Thali,O9652
434,2025-06-02 12:31:00+00:00,Upma,O8907
435,2025-06-14 01:41:00+00:00,"Veg Pulao, Lemon Juice",O5621
436,2025-06-15 15:06:00+00:00,Chapati Bhaji,O10211
437,2025-06-02 23:04:00+00:00,Chapati Bhaji,O6833
438,2025-06-04 17:53:00+00:00,Idli Sambar,O8724
439,2025-06-10 15:37:00+00:00,"Veg Pulao, Lemon Juice",O10142
440,2025-06-15 01:25:00+00:00,Idli Sambar,O8432
441,2025-06-06 00:35:00+00:00,Upma,O9785
442,2025-06-11 06:45:00+00:00,Masala Uttapam,O7176
443,2025-06-13 08:33:00+00:00,Veg Thali,O5721
444,2025-06-02 17:18:00+00:00,"Burger, Apple Milk Shake",O6486
445,2025-06-05 19:41:00+00:00,Onion Poha,O10135
446,2025-06-02 06:47:00+00:00,Onion Uttapam,O10293
447,2025-06-08 16:43:00+00:00,Upma,O7662
448,2025-06-09 11:55:00+00:00,Veg Pasta,O7004
449,2025-06-06 07:08:00+00:00,Sheera,O5682
450,2025-06-06 01:57:00+00:00,"Veg Pulao, Lemon Juice",O7495
451,2025-06-08 08:53:00+00:00,Masal Dosa,O10390
452,2025-06-03 16:19:00+00:00,Medu Vada,O9377
453,2025-06-07 23:36:00+00:00,Dal Khichidi,O6497
454,2025-06-14 02:39:00+00:00,Onion Poha,O5463
455,2025-06-07 03:58:00+00:00,Onion Uttapam,O5828
456,2025-06-11 03:16:00+00:00,Veg Thali,O7960
457,2025-06-07 08:56:00+00:00,Onion Uttapam,O9327
458,2025-06-07 13:33:00+00:00,Dal Khichidi,O9329
459,2025-06-04 15:16:00+00:00,Veg Thali,O8192
460,2025-06-02 20:01:00+00:00,"Burger, French Fries",O6074
461,2025-06-14 20:40:00+00:00,"Burger, French Fries",O10931
462,2025-06-06 17:18:00+00:00,Onion Uttapam,O8461
463,2025-06-15 05:57:00+00:00,Masal Dosa,O10148
464,2025-06-03 04:43:00+00:00,Upma,O5415
465,2025-06-07 22:34:00+00:00,Veg Pulao,O7981
466,2025-06-03 07:27:00+00:00,"Burger, French Fries",O10831
467,2025-06-02 10:25:00+00:00,Dal Rice Bhaji,O5464
468,2025-06-10 01:20:00+00:00,"Burger, Apple Milk Shake",O10086
469,2025-06-03 03:25:00+00:00,Dal Rice,O6467
470,2025-06-12 10:30:00+00:00,Medu Vada,O10781
471,2025-06-06 19:11:00+00:00,Masala Uttapam,O5332
472,2025-06-14 11:57:00+00:00,Masal Dosa,O9582
473,2025-06-14 20:07:00+00:00,Chapati Bhaji,O10821
474,2025-06-06 07:10:00+00:00,Chapati Bhaji,O5747
475,2025-06-04 19:45:00+00:00,Onion Uttapam,O8951
476,2025-06-06 11:55:00+00:00,Veg Thali,O10112
477,2025-06-01 14:16:00+00:00,"Burger, French Fries",O8092
478,2025-06-13 20:43:00+00:00,Chapati Bhaji,O9671
479,2025-06-14 06:20:00+00:00,Masal Dosa,O10319
480,2025-06-11 12:02:00+00:00,Idli Sambar,O7910
481,2025-06-12 11:32:00+00:00,Medu Vada,O8358
482,2025-06-07 21:24:00+00:00,Onion Poha,O8500
483,2025-06-10 19:13:00+00:00,Chapati Bhaji,O8002
484,2025-06-16 08:11:00+00:00,Idli Sambar,O8529
485,2025-06-13 10:05:00+00:00,Veg Pulao,O10244
486,2025-06-11 13:57:00+00:00,Dal Rice Bhaji,O9049
487,2025-06-11 17:32:00+00:00,Dal Khichidi,O6960
488,2025-06-05 14:07:00+00:00,Dal Khichidi,O7800
489,2025-06-06 17:51:00+00:00,Veg Pasta,O8825
490,2025-06-05 18:18:00+00:00,Onion Uttapam,O10122
491,2025-06-03 08:10:00+00:00,Veg Thali,O9710
492,2025-06-06 10:20:00+00:00,"Burger, French Fries",O10444
493,2025-06-10 21:31:00+00:00,Onion Uttapam,O9276
494,2025-06-15 12:20:00+00:00,Masala Uttapam,O9027
495,2025-06-09 00:13:00+00:00,Veg Pasta,O8955
496,2025-06-10 07:57:00+00:00,Idli Sambar,O5151
497,2025-06-09 13:33:00+00:00,Veg Thali,O7517
498,2025-06-06 10:20:00+00:00,Dal Rice Bhaji,O7687
499,2025-06-10 05:55:00+00:00,"Burger, Apple Milk Shake",O7017
500,2025-06-05 23:02:00+00:00,Onion Poha,O5903
501,2025-06-15 01:05:00+00:00,Veg Pasta,O8507
502,2025-06-05 08:38:00+00:00,"Veg Pulao, Lemon Juice",O7618
503,2025-06-09 17:06:00+00:00,Chapati Bhaji,O5634
504,2025-06-10 05:20:00+00:00,Masala Uttapam,O10368
505,2025-06-09 17:17:00+00:00,Medu Vada,O10706
506,2025-06-07 02:37:00+00:00,Onion Poha,O6492
507,2025-06-10 13:25:00+00:00,Dal Rice Bhaji,O9218
508,2025-06-05 13:03:00+00:00,"Burger, Apple Milk Shake",O7845
509,2025-06-08 15:25:00+00:00,Upma,O5238
510,2025-06-15 06:45:00+00:00,Masal Dosa,O5354
511,2025-06-06 17:47:00+00:00,"Burger, French Fries",O5688
512,2025-06-09 12:57:00+00:00,Veg Thali,O5691
513,2025-06-10 05:38:00+00:00,Dal Rice Bhaji,O8098
514,2025-06-10 12:59:00+00:00,Sheera,O6469
515,2025-06-10 07:34:00+00:00,Onion Uttapam,O6030
516,2025-06-05 00:34:00+00:00,Masal Dosa,O5975
517,2025-06-10 04:49:00+00:00,Upma,O10302
518,2025-06-08 04:36:00+00:00,"Veg Pulao, Lemon Juice",O8386
519,2025-06-05 03:24:00+00:00,Chapati Bhaji,O7669
520,2025-06-05 02:47:00+00:00,Upma,O9763
521,2025-06-08 09:03:00+00:00,Medu Vada,O8249
522,2025-06-13 00:02:00+00:00,Masal Dosa,O5757
523,2025-06-12 04:56:00+00:00,Upma,O5492
524,2025-06-04 00:16:00+00:00,"Veg Pulao, Lemon Juice",O7465
525,2025-06-05 09:56:00+00:00,Dal Rice,O10210
526,2025-06-11 00:25:00+00:00,"Veg Pulao, Lemon Juice",O10530
527,2025-06-03 02:39:00+00:00,Dal Khichidi,O10636
528,2025-06-05 01:08:00+00:00,Masala Uttapam,O7594
529,2025-06-09 02:18:00+00:00,Onion Poha,O9504
530,2025-06-06 04:50:00+00:00,Veg Pulao,O5890
531,2025-06-14 23:34:00+00:00,Dal Rice Bhaji,O10646
532,2025-06-10 16:36:00+00:00,Medu Vada,O9786
533,2025-06-01 18:56:00+00:00,Dal Rice Bhaji,O10802
534,2025-06-02 15:06:00+00:00,Chapati Bhaji,O5981
535,2025-06-10 07:45:00+00:00,Veg Thali,O5425
536,2025-06-08 14:25:00+00:00,Masala Uttapam,O9725
537,2025-06-06 04:44:00+00:00,Veg Pasta,O7544
538,2025-06-13 12:41:00+00:00,"Veg Pulao, Lemon Juice",O5026
539,2025-06-05 18:21:00+00:00,Veg Pulao,O6094
540,2025-06-12 00:37:00+00:00,Upma,O8280
541,2025-06-04 08:06:00+00:00,Dal Rice,O5876
542,2025-06-15 14:54:00+00:00,Masala Uttapam,O5703
543,2025-06-03 04:27:00+00:00,Masal Dosa,O9026
544,2025-06-08 06:44:00+00:00,Upma,O6627
545,2025-06-11 07:54:00+00:00,Masal Dosa,O8027
546,2025-06-04 03:17:00+00:00,"Burger, French Fries",O7849
547,2025-06-10 11:02:00+00:00,Chapati Bhaji,O7751
548,2025-06-12 18:38:00+00:00,Dal Khichidi,O5028
549,2025-06-15 21:10:00+00:00,Masala Uttapam,O5058
550,2025-06-14 23:01:00+00:00,Veg Thali,O5112
551,2025-06-06 09:07:00+00:00,Onion Uttapam,O5162
552,2025-06-07 13:57:00+00:00,Masala Uttapam,O6870
553,2025-06-13 08:38:00+00:00,Veg Pulao,O7391
554,2025-06-10 23:35:00+00:00,"Burger, French Fries",O9755
555,2025-06-10 06:52:00+00:00,"Burger, Apple Milk Shake",O9561
556,2025-06-15 14:04:00+00:00,Medu Vada,O5637
557,2025-06-02 03:28:00+00:00,Idli Sambar,O8511
558,2025-06-11 18:22:00+00:00,Masal Dosa,O6256
559,2025-06-02 01:16:00+00:00,Dal Rice Bhaji,O5227
560,2025-06-05 07:36:00+00:00,Veg Thali,O9214
561,2025-06-14 02:23:00+00:00,Dal Khichidi,O8376
562,2025-06-05 20:35:00+00:00,Masal Dosa,O6815
563,2025-06-06 11:43:00+00:00,Sheera,O7320
564,2025-06-09 13:58:00+00:00,Dal Rice,O9695
565,2025-06-05 02:24:00+00:00,Sheera,O5403
566,2025-06-15 16:16:00+00:00,Chapati Bhaji,O5963
567,2025-06-05 13:48:00+00:00,"Veg Pulao, Lemon Juice",O5816
568,2025-06-09 01:53:00+00:00,Onion Poha,O5392
569,2025-06-03 17:25:00+00:00,Sheera,O10941
570,2025-06-13 16:38:00+00:00,Upma,O5643
571,2025-06-03 16:01:00+00:00,Masala Uttapam,O8796
572,2025-06-13 15:23:00+00:00,Onion Poha,O5144
573,2025-06-05 18:50:00+00:00,Dal Khichidi,O9162
574,2025-06-09 11:02:00+00:00,Chapati Bhaji,O8564
575,2025-06-06 23:41:00+00:00,Dal Rice Bhaji,O5442
576,2025-06-14 02:12:00+00:00,Veg Thali,O10761
577,2025-06-08 04:35:00+00:00,Chapati Bhaji,O8353
578,2025-06-07 09:06:00+00:00,Medu Vada,O5796
579,2025-06-03 23:19:00+00:00,Dal Rice Bhaji,O10760
580,2025-06-07 00:34:00+00:00,Masal Dosa,O5323
581,2025-06-01 16:38:00+00:00,Dal Khichidi,O9148
582,2025-06-13 00:18:00+00:00,Masal Dosa,O5838
583,2025-06-06 15:13:00+00:00,Masala Uttapam,O9814
584,2025-06-03 12:23:00+00:00,Veg Thali,O5658
585,2025-06-08 23:30:00+00:00,Medu Vada,O7759
586,2025-06-10 03:46:00+00:00,Onion Poha,O8336
587,2025-06-11 14:40:00+00:00,Chapati Bhaji,O5051
588,2025-06-13 09:28:00+00:00,"Burger, Apple Milk Shake",O7520
589,2025-06-14 07:56:00+00:00,Onion Uttapam,O8150
590,2025-06-11 18:28:00+00:00,Masal Dosa,O8142
591,2025-06-16 04:24:00+00:00,Masal Dosa,O5700
592,2025-06-04 09:29:00+00:00,Dal Rice,O10236
593,2025-06-03 15:33:00+00:00,"Veg Pulao, Lemon Juice",O9654
594,2025-06-11 21:53:00+00:00,Dal Khichidi,O9233
595,2025-06-06 07:29:00+00:00,Medu Vada,O8174
596,2025-06-10 00:16:00+00:00,Dal Rice,O5563
597,2025-06-14 09:48:00+00:00,Masala Uttapam,O6171
598,2025-06-06 13:21:00+00:00,Medu Vada,O5802
599,2025-06-10 03:53:00+00:00,Medu Vada,O5033
600,2025-06-12 19:21:00+00:00,Chapati Bhaji,O5699
601,2025-06-06 20:28:00+00:00,"Burger, French Fries",O5537
602,2025-06-14 17:21:00+00:00,"Burger, Apple Milk Shake",O9153
603,2025-06-02 14:18:00+00:00,Dal Rice,O9819
604,2025-06-12 21:21:00+00:00,"Veg Pulao, Lemon Juice",O7047
605,2025-06-02 17:56:00+00:00,Onion Uttapam,O7678
606,2025-06-16 07:23:00+00:00,Medu Vada,O9491
607,2025-06-16 08:57:00+00:00,Masal Dosa,O9614
608,2025-06-09 02:02:00+00:00,"Burger, French Fries",O6608
609,2025-06-11 13:59:00+00:00,Chapati Bhaji,O7112
610,,,O5629
611,,,O7200
612,,,O8966
613,,,O8323
614,,,O6524
615,,,O9431
616,,,O5324
617,,,O9861
618,,,O5528
619,,,O8222
620,,,O5065
621,,,O7475
622,,,O8622
623,,,O6507
624,,,O8792
625,,,O10666
626,,,O5131
627,,,O8968
628,,,O8703
629,,,O9391
630,,,O7968
631,,,O10652
632,,,O8230
633,,,O5110
634,,,O5014
635,,,O10987
636,,,O9716
637,,,O6385
638,,,O5289
639,,,O10209
640,,,O7723
641,,,O10663
642,,,O6511
643,,,O8851
644,,,O9189
645,,,O10865
646,,,O6738
647,,,O5193
648,,,O6027
649,,,O6184
650,,,O7122
651,,,O7145
652,,,O5039
653,,,O7752
654,,,O9670
655,,,O5549
656,,,O9947
657,,,O8525
658,,,O6151
659,,,O5926
660,,,O5007
661,,,O7565
662,,,O9217
663,,,O5349
664,,,O8254
665,,,O6877
666,,,O9590
